id,tag,text
874397696,奥黛丽,既然你都这么诚心的表达出对我的仰慕了，那让我来接受你的礼物倒也不是不可以了。你可不要想太多了。
888658971,信,当心手雷。
852284654,未知,哼。
86121636,香奈美,我随便哼的，曲调好像也不错呢。
782659418,系统语音,敌方还差五名击败获胜。
732195037,香奈美,谁快来帮帮我呀。
740019709,明,抱歉。
800399227,拉薇,警报器发现敌人。
725850434,奥黛丽,你要喝红茶吗？这可是我亲手调制的。当然，如果你并没有想喝的意思。我也是无所谓的，哼。
754267388,星绘,我的名字和这片星空有着密不可分的联系。因此，我从小就喜欢翻阅这些与星星有关的书籍，至于现在，早已习惯成自然。
802101001,米雪儿,喵喵，卫视布防完毕。
889995376,拉薇,我将揭开卡拉比丘的虚伪面纱。
733657971,香奈美,卡拉比丘。
892742725,香奈美系统语音,聚光灯关上了，表演也结束了。
897429453,未知,嘿。
810322042,白墨,结束了吗？
787742382,星绘,刚才那一瞬间，我的心里有了新的目标。那便是成为你的力量。如果能帮上忙的话。秦浩。还请你多多关照啦。
890341473,白墨,这就是乌尔比诺的自由之道。
754702244,香奈美,如果我们的故事能谱写成一首旋律，那当下的一秒也不过是众多音符中的一个，它的存在却能让这首旋律变得与众不同。这很珍贵，不是吗？
738149377,梅瑞狄斯,撤退。
858987784,梅瑞狄斯,你做得很好。
836817550,香奈美,如果每天持续做同一件事情。时间久了，它就会变成你生活中的一部分。
700557685,未知,
84262417,信,这里有护甲。
729323550,心夏,就这样出发吧。
844219627,白墨,想干掉我没门。
764205294,明,我有责任去战斗，去反抗。当然。这也有可能只是我的执念罢了。
889302166,令,拦截器已部署。
84024204,心夏,投掷手雷哦。
746301018,米雪儿,炸弹在这儿，大家快来。
867801258,系统语音,超弦击破。
812649991,玛德蕾娜,我把炸弹放在这儿了。
841354679,令,
859197838,香奈美,这就是为你准备的演出。
747757120,拉薇,卡拉比丘。
872126335,明,呀。
788782601,米雪儿,我可是为正义出击。
861414356,拉薇,果然，有时候听歌也要换一换风格的嘛。
868394665,奥黛丽,我辜负了家族的期望。
887553339,未知,的。
719670976,星绘,很好。
739312995,香奈美,你是在鼓励我吗？那我就更有干劲完成今天的排练啦。
887382677,拉薇,樱花飘雪。月色。不过是一时之美。而他却求得了永恒。这恐怕。是因为有你的眷顾吧？
850430378,拉薇,你是要使用这个吗？
757417249,米雪儿,正义捍卫成功。
704454050,系统语音,准备防守，选择你的角色。
707947178,香奈美,
831873323,拉薇,糟糕。
886229883,明,啊，解开了，你别说，这玩意儿还真挺有趣的嘛。
837377213,香奈美,明，无论如何我都会帮你的。
705870381,白墨,这个时代属于乌尔比诺。
878448960,心夏,我拿到了炸弹。
889847036,明,给我继续战斗吧。
892446555,星绘,建议突袭这里。
711235695,未知,你送给我的礼物，我是绝不会拆开的，如果不能复原就麻烦了。最近你倒是经常给我送东西，是有什么深意吗？
819261760,拉薇,嗯。
887042611,令,多谢你的协助。
804007051,香奈美,感受到香奈美的杀伤力了吗？
806470372,心夏,这次是我赢啦。
792427123,令,警报器安装完毕。
715126832,未知,冗余数据全部清除。
708335811,未知,逐峰纵横四海。
786727326,梅瑞狄斯,金沙将至。
805847743,星绘,抱歉。我似乎还不够努力。
823146098,香奈美系统语音,对面的舞台上只剩下独唱了呢。
828890175,拉薇,银行者。人们常说萍水相逢。但我认为。我们的相遇是必然的。
770168002,信,开始拆除炸弹，注意掩护。
735311654,绯莎,狩猎开始。
761790301,拉薇,还未到时机。
760571907,明,别担心，我的手中没有武器，也就是说，我们不是敌人。换句话说，我们可以是朋友。
867770570,拉薇,有子弹散落在这里。
717954960,心夏,决定好带什么了吗？
816321201,未知,
703286237,未知,这里有护甲。
876047821,未知,啊。
736266829,明,一切不公都亡于枪火。
868309322,明,圣诞节。啊，似乎有点印象，原来是今天嘛。
715872283,米雪儿,嘿，我的名字叫米雪卡拉比丘，就放心交给我守护吧，我会全力以赴的。
835932451,星绘,这算是脚部按摩吗？谢谢你的关心了。我有那么点，有那么点痒。
851913632,奥黛丽,我才没有在偷偷听摇滚乐呢，真是的，你来之前怎么不提前说一声？
740792298,未知,没人能逃离寒冬。
828584492,米雪儿,先等一等。
778390599,香奈美,你好呀。
845616611,星绘,此处有护甲补给。
782092107,香奈美,抱歉，你是觉得我有点吵到你了吗？
840248568,星绘,愿你被温柔以待。
815399766,星绘,炸弹可以安装在这里。
742240119,拉薇,你刚经历了一场恶战？会不会感觉有些疲倦？休息一下吧。我会守在你的身边。
711132924,系统语音,夺取更多贤能星河。
808486756,奥黛丽,有你在，倒是激发了我的好胜心。
705594152,白墨,别想逃。
778718393,梅瑞狄斯,请求支援。
739028363,拉薇,注意手雷。
887706113,星绘,拦截者已部署。
848243282,信,三个。哼。
790587634,伊薇特,好多人啊，非有点不适应。
891548141,未知,无尽下坠。
7230302,玛德蕾娜,谢谢你帮大忙啦。
891404395,未知,是的。
759007441,系统语音,热身阶段即将结束，请做好准备。
790636964,米雪儿,你是想让我放下游戏来跟你聊天吗？
844322438,明,这是我给别人买的礼物，不用花钱就能得到的东西，谁都会喜欢的。
770899611,香奈美系统语音,后半场的第一首歌可是很重要的。
79425710,奥黛丽,算是有点遗憾吧。
888556092,拉薇,烦请赐教，我们点到为止。
752072925,明,等等，先别。抱歉。我只是。只是突然有些不习惯。
882035280,星绘,啊。
7588457,米雪儿,拦截者设置完毕。
81956250,明,这场压迫者与反抗者的战争，终究要走到尽头。可是。那时候，也许不公仍在。也许黎明依旧遥远。也许。我早已死在了那个战场上。无法再保护你。所以我们约好了，如果真的有那么一天。你一定要活下去。这是你对我的承诺。
75307905,拉薇,怎么，你睡不着吗？我也是入睡困难的类型呢。
778553899,星绘,如果可以。我很想和你成为同伴。真的。不行吗？
77760300,拉薇,是时候终结这场战斗了。
819668921,明,哦，你好，啊。
840270149,拉薇,没什么大不了的。
795690293,星绘,实在是抱歉呢。
80677836,拉薇,等待时机。
856555676,梅瑞狄斯,我将炸弹置于此处。
761357336,香奈美,歌声究竟要多么有穿透力，才能抵达人的灵魂深处呢？那些无法被回应的旋律。又有什么意义呢？
866295585,米雪儿,只有等到没有战斗的那一天，我才能尽情的玩游戏吧。
898994082,米雪儿,我在卡丘世界大展身手啦。
804462440,香奈美,你要做什么？
735594783,未知,
888432532,明,破甲电球重印完成。
847315989,心夏,来喽，就地复原。
771721608,心夏,啊。啊，嗯。
710132764,未知,哎，发现子弹补给。
824257386,伊薇特,卡拉比丘。
79823906,心夏,哎呀，算了算了，被你打断还学过什么东西啊？
73530979,明,用哪个都没问题。
839083753,米雪儿,又收到新邮件啦，我们快来看看里面有什么吧。说不定会有最新的动漫资讯呢。
837162165,信,炸弹在这里。
832723705,拉薇,开始安装炸弹。
72679241,星绘,引航者是一个大家都会尊敬的了不起的医师呢。
807462859,伊薇特,放心吧，新前辈妃会保护你的。
754365121,香奈美系统语音,只要战胜最后十个对手，公演就圆满落幕啦。
727787362,明,我将永远保持战斗的意志。
802289245,拉薇,勿以恶小而为之。还请阁下好好反省。
791303676,拉薇,减速来。
753134037,未知,稍等，还不到时候。
744750857,星绘,那个我还没画完呢。不过，既然你有事情找我，那我就暂且将其搁置一会儿吧。
79135434,星绘,将和平献给世界。
815943281,星绘,处理完毕。
789729917,梅瑞狄斯,我来防守。
779398257,玛德蕾娜,哇，你穿的衣服好可爱呀。
865909044,玛德蕾娜,嗯，好过分呀，不要瞄准我啦。
885115704,明,干得不错。
784917909,未知,艾米，我来帮你啦，你，你还站的起来吗？
82530483,拉薇,我的手。不是你这样的人该触碰的。
833656193,拉薇,因为你。我感受到了久违的温暖。但与此同时。我又何尝不会害怕呢？毕竟在这个世界。失去的。远比得到的要多。
730852970,香奈美系统语音,321各位，让我们出发。
794052614,心夏,来喽，就地复原。
896367324,奥黛丽,可别忘了，是我救了你。
868773588,香奈美,生日快乐，希望你能在卡拉比丘世界过得开心，今后也请多指教啦。
838055254,明,没问题。
731156062,心夏,来，我们走吧。
796118272,令,没有人可以逃脱我的制裁。
705976042,系统语音,决赛阶段一开始。
879177987,明,这里有战术道具。
822751099,拉薇,注意掩护梅瑞迪斯，他已部署好炸弹。
838941970,拉薇,刀锋起。
785315108,未知,啊。
843119944,米雪儿,只要我待在家里，猫猫好像就会变得特别活泼呢。
723563408,香奈美,最近，我总是会梦见曾经的家园和初始的旷野。如果现实变得空洞，人们会去梦境中寻找真实吗？
846647012,梅瑞狄斯,你好。
792680907,拉薇,就在刚刚。我想到一种与你很相称的花。等我装点好了给你看看。
757763597,心夏,真是厉害啊。
899453538,拉薇,是的。
705467519,明,这种行为很扫兴的，你终究还是个无趣的人呢。
796741154,明,怂狗。
738590885,拉薇,减速雷。
714369593,明,卡丘世界正在一步步走向繁荣。可你知道那些被抛弃的人们会被怎样吗？就算是为了他们。我也要掀翻这个不公的世界。
894974449,未知,嗯。
848107631,白墨,谁来帮我一把？
740301652,香奈美,生日快乐，从今往后，我演唱会的第一排会为你预留一个座位。至于现在。就让我陪你好好庆祝吧。
807887471,心夏,这就是我的礼物。
80544507,明,可恨的米雪儿，这算是天道好轮回吧。
739336429,令,我扣下扳机，只为迎接新的时代。
891075952,香奈美,你知道吗？消除了记忆的人，只剩下了躯壳，抽离了情感的歌声，不过是苍白的旋律。所以。比起死亡。我更害怕遗忘。
830711007,玛德蕾娜,嗯，我总是想要感谢你对我如此的照顾呢。
81606701,明,不想后悔的话，就要抽出时间保养装备呀。
780803214,令,无需感谢，任务继续。
710660420,系统语音,防守方胜利。
737254949,伊薇特,非要认真了吗？
788352786,白墨,我将炸弹扔在这儿了。
711255981,令,还不错。
830170960,未知,时日无多，大限将至。
835923331,令,不。
764560707,玛德蕾娜,这才叫艺术感。
746552702,明,等我恢复，立马返回战场。
778104907,明,进宫。
848620397,拉薇,刀光如梭，黑夜如我。
807119276,米雪儿,正义必将执行到底。
821252841,香奈美,这是一份特别的礼物，我打算要送给一个非常重要的粉丝，至于那个人是谁吗？来给你。
736469537,香奈美,来进攻这里吧。
884779464,星绘,这里有炸弹。
856007402,拉薇,成风之势，速战速决。
816878126,未知,
725305526,未知,啊。
730500358,拉薇,与其说是你接近了我。不如说。是我选择了你。
843241436,香奈美系统语音,真是势均力敌的对决，就连香奈美也开始心潮澎湃了。
733051612,未知,
792055717,白墨,警报器安装完成。
710986412,未知,呃。
88739101,玛德蕾娜,谢谢。
761359026,未知,啊。
745987508,未知,无人可以逃脱。
884481544,明,谢谢你。
895166150,未知,
752737112,玛德蕾娜,我也干掉两个。
780497298,明,我不理解战斗的意义。但是你的出现，让我找到了信念。誓死守护身后之人。
704147393,明,是吗？原来今天是我的生日啊。
751214464,星绘,你会不会觉得这个布偶有些粗糙？其实，这是星币组的人们亲手为我制作的礼物。也是我最为珍贵的宝物。
721204927,奥黛丽,如果我没记错的话，今天是你的生日吧。既然如此，我倒也不介意陪你一起庆贺了。
835560519,奥黛丽,卡拉比丘。
744346450,明,可恶，我倒下了。
898279899,拉薇,颠覆虚妄世界。
860066028,白墨,烟雾弹。
812056440,奥黛丽,你看，这是今年的卡丘富豪排行榜啊，总有一天，我会让格罗夫这个姓氏出现在他的第一位。
790993433,拉薇,是血的味道。
833025495,米雪儿,呼啦呼啦，烦恼消散啦。
859822437,梅瑞狄斯,此处有护驾。
823986929,明,警报器已布置。
887492838,拉薇,生日快乐，行者。我把组织的任务已经提前做完了。所以。今天的我。会任你差遣。
795685003,奥黛丽,今天是玛德琳娜的生日。你不会不记得了吧？你说礼物，我当然有为他提前准备好礼物啊，这不是理所当然的事情吗？
718654026,明,抱歉，我有那么点儿不太习惯这种和平的氛围，要不我们换个有关战争的话题。
772182042,心夏,没错，今天是我的生日，我打算请大家一起来吃奶油蛋糕，你可千万不要缺席哦。
876052013,未知,极致盛放。
720939904,星绘,守护星芒准备完毕。
726421967,香奈美,今天是情人节吗？难怪街上的气氛这么浪漫呢。对了，我拿到了一个粉红色的气球，等会儿就送给你吧。
74414062,拉薇,这不是奥黛丽吗？你看起来有些退步了，怎么不服气？
734257755,未知,Yeah。
764077891,白墨,很好。
817791086,星绘,就算是我，也有不得不去战斗的理由呢。
819116523,明,该撤退了。
715360329,未知,此处有战术道具补给。
736756038,心夏,真是有点不可思议，我才刚刚想到你，你就立马出现啦。
76870974,明,今日即便赴死，我也毫无遗憾。
737987089,玛德蕾娜,哎，又输了呀。
712798841,心夏,祝你生日快乐，等会儿吹蜡烛的时候，你记得要许三个生日愿望哦。
706354827,香奈美系统语音,为了翻开新的乐章，战斗是必要手段。
785126347,明,我拿到了炸弹。
868719179,白墨,注意这里。
853912228,星绘,接下来我要去离禁区执行救援任务。
864957249,明,变革势不可当。
837628305,香奈美,一起继续战斗吧。
754565277,绯莎,我嗅到了你的气味。
731519251,星绘,闪光弹。
812314466,米雪儿,生日快乐，我早就为你的生日做好庆祝的准备啦，蛋糕、彩蛋和礼物一个都不会少哦，快过来迎接惊喜吧。
766804922,信,请求支援。
816004929,令,我来守住这里。
748702181,令,交给我就好了。
752130853,香奈美,聆听我的歌声吧。
774773556,拉薇,是任务。
884452029,明,啊啊，没想到你的手掌挺大的。
798748252,奥黛丽,不堪一击。
812170657,玛德蕾娜,那个果然我完全不会收拾房间呢，不要看了啦。
77682581,系统语音,团队武器强化与激活。
816409526,拉薇,侍弄花草的时候，会让人感觉到自然之美。你有兴趣的话，便一起来感受这份美好吧。
803061471,心夏,啊。啊。嗯。
707149450,玛德蕾娜,姐姐，你看见了吗？
712707607,梅瑞狄斯,命定的消亡。
886999133,玛德蕾娜,好，诶打中了。
723965212,未知,
738615858,令,嗯。你来了？
80839751,心夏,嗯。
841030696,拉薇,我不该失误的。
702298800,拉薇,让我看穿一切。
797286588,明,杀戮的意义在于新生。
806588104,令,谢谢。
776383226,米雪儿,啊，你终于回来啦，我竟然还有点不敢相信。毕竟我一直都在期盼着你也能像我一样想念你。啊，你说嘛，这些天你到底去了哪里？我想知道关于你的一切。
827723342,香奈美,下次可别向偶像开战。
88028788,拉薇,还是一起行动为妙。
812220628,星绘,今天是卡拉比丘的诞生日。对人类而言，这应当是个值得纪念的日子。
762452643,米雪儿,我这就来帮你星前辈。
888408629,香奈美,你想学编曲吗？那么我以后找个机会教你吧。
891203993,香奈美,嗯。今天是情人节吗？难怪我的推荐歌单里多了一些浪漫的歌曲呢。你会想要和我一起听吗？
870061670,明,警报器设置完毕。
830657165,星绘,我正在书写回信。怎么，你也想看吗？请稍等，我马上就能写完了。
722834397,香奈美,卡拉比丘。
735631692,白墨,想干掉我没门儿。
878803722,香奈美,今天是梅瑞迪斯的生日，我真想为他庆祝一下。如果我为她写一首新歌。他会不会很开心呢？
732615002,拉薇,不要绝望，不要屈服，只要世间不公尚在，我们就不能倒下。
802330780,米雪儿,我给心夏准备了一个生日惊喜，一定能让她觉得今年的生日特别难忘。
79461790,绯莎,坏家伙们，飞沙已经装好炸弹了。
763217643,明,你好。
780363513,未知,嗯。
703266816,拉薇,终究无法回去了吗？
703774306,拉薇,你喜欢什么口味的饭团？我下次可以试着做几个给你。
759527234,香奈美,危险，请当心。
780136527,星绘,星星会守护你的。
757658226,拉薇,这只是一时的失意罢了。你不必执念于已经过去的事情。毕竟，下一场战斗。我会为你赢得胜利。
833658085,伊薇特,飞还不行吗？
754037397,明,一切不公都亡于枪火。
773680445,心夏,我可不是每次都会放下手中的事情来回应你的。
890953668,星绘,啊，不好意思，读书太久，我有些迷迷糊糊了呢。如果不介意的话，我们从这里继续读下去吧。
86501525,拉薇,我刚为你煮了一壶茶。不知是否合你口味？要一起喝一杯吗？
800760489,香奈美系统语音,领先，队伍已取得了20分。
769759908,拉薇,该醒过来了。你们有权利看清真相。
724629129,拉薇,我今日难得有几分空闲。于是就拿了几本书来看看。
899734392,拉薇,在这个虚妄的世界里。你是我不曾见过的奇迹。请让我用这份礼物。来传达最真挚的感谢。
78633938,香奈美,每次站在舞台上，看着荧光棒组成的星海，我总是发自内心的想说一句谢谢。
793149420,未知,等一下。
86570139,米雪儿,火力大喵是不会饶恕你们的。
71260042,未知,你是在找我吗？不好意思，刚才我想到了一些过去的事情。
869691339,未知,嗯。
882149546,拉薇,我非贪杯之人。只是刚好。很喜欢与你对饮。银行者。
70673773,香奈美,你。
740727464,明,让我回归战场。
752971879,明,这笔账我记下了。
781659448,星绘,每当我想到那些依旧被贫苦压迫着的人们。心中便会忐忑不安。或许。只有这片星空。能让我的心平静下来吧。
74030703,香奈美,把枪声当成我的音乐吧。
75613890,拉薇,我依稀还记得旧时的情景。在那个空旷的庭院里。有我的父亲在练剑。有我的母亲。在一旁插花。
721824152,拉薇,这样比较迅速。
766670386,拉薇,只因我一念之差。
808509949,心夏,嗯哼。
830343299,系统语音,炸弹携带者已被击倒。
758815748,白墨,将自由意志贯彻到底。
746629106,明,还不够，远远不够。我所期待的黎明依旧遥远。
869108504,香奈美,谁让你欺负我？
744251793,香奈美,
886798248,伊薇特,开始拆除炸弹。
729977474,香奈美系统语音,你是炸弹携带者，香奈美会祈祷你一切顺利的。
715815692,绯莎,鲸鲨迸发，全线遏制。
774587266,未知,
766074167,星绘,这里危险，当心。
858224754,奥黛丽,风场雷。
832196700,星绘,让您久等了。
705512986,绯莎,没有人能逃脱狩猎。
808118468,心夏,拦截者启动。
818065429,白墨,这个时代属于乌尔比诺。
873924065,星绘,什么时候叫我都可以。
710484721,未知,
802114857,信,这个。没问题。
703039793,香奈美,进攻这里吧。
725093948,令,先能光幕启动。
715047813,米雪儿,火力大喵准备就绪。
749853391,玛德蕾娜,很厉害。
886265636,奥黛丽,在这里安装炸弹吧。
798582138,香奈美,我也该起来活动一下啦，虽然还是有那么一点困困的。
850859805,未知,
75982196,香奈美,今天是不是因为他的生日啊？我得赶快给他准备一份礼物，像他那种可爱的女孩子，应该会喜欢软乎乎的东西吧？
735590668,系统语音,热身阶段。
729597419,拉薇,嗯，我知道。只差一步就成功了。要不要喝点我煮好的热茶？希望能让你快点恢复起来。
754195777,拉薇,到底该怎么指导队员写好战术总结？啊。要不？给他们奖励一些饭团。
894325455,令,好吧。
896532423,伊薇特,待机。
724575775,香奈美系统语音,赢了，只要聚集起大家的力量，就一定能改变很多事情。
701615072,未知,嗯。
754512010,白墨,等着我的好消息吧。
774421583,令,开始之流。
737365392,白墨,将自由意志贯彻到底。
8757293,令,下一个是谁？
751932404,奥黛丽,战斗也是要保持格调的。
759479371,香奈美,春节快乐，新的一年，你不来多听几场我的演唱会吗？
734481126,拉薇,我受伤了，请助我恢复。
898801788,拉薇,世界一旦轮回。我可能就再也寻找不到你了。所以。这也会成为我必须要战斗的一个理由吧。
769819931,伊薇特,质量。
854923856,香奈美,声浪下的渴望，就由香奈美来回应吧。
724786187,明,这里有护甲。
89167660,米雪儿,哇，艾米好厉害呀。
857143019,心夏,强力援助，光速抵达。
726563617,令,等待时机。
781498692,明,生命脆弱如纸，幸免一文不值。
836164609,星绘,守护星门。
750589395,拉薇,你不会以为我醉了吧？不过是微醺罢了，和你聊聊天。还是可以做到的。
726997929,香奈美,回不去了吗？
721438309,拉薇,揭开真相的代价。就让我独自承担吧。
784414892,系统语音,贤能合体过，在你已成为异能贤体。
788410207,令,我终于做到了。
774653805,香奈美,老威，你怎么会？
759577608,心夏,投掷烟雾弹哦。
788262050,玛德蕾娜,决定好了吗？
83537505,心夏,轻点，再轻点。啊，又被发现啦，你也太敏锐啦，偶尔也让我赢一次不好吗？
880479886,玛德蕾娜,生日快乐。我特意画了一幅画送给你，作为生日礼物。
8691927,明,我们这类人的生命。本如烛火般一世。正因如此。你我的每一次重逢。才弥足珍贵。
830723033,梅瑞狄斯,顿开。杜@之门。
770114894,香奈美,你竟然记得我的生日，谢谢，我真是太高兴啦。
723122858,拉薇,恍然之间，又是新的一年了吗？为了让更多的人觉醒。我仍旧需要继续奋战吧。
823891318,明,今天是你的生日吧，有句话怎么说来着，能够平安喜乐的老去，也是一种幸福，嗯，挺好的。
742069006,未知,没什么难度嘛。
724251906,未知,目标是摧毁50副卡丘身，开始行动。
851077309,明,在这个乌托邦里，命如纸薄，只有强大的武器才能保护好我的同伴。
821817574,信,领域展开。
753068946,星绘,不错。
846655066,香奈美系统语音,上半场最后的表演了，稍微调整状态，继续前进吧。
875580333,米雪儿,来，和我一起做个约定吧，无论这个世界变成什么样子，我们都不要分开哦。
817009215,未知,即将见证究极奥秘。
89358422,明,我早就做好出击准备了。就立场而言，我倒也可以接受你的命令。
786015839,令,我需要救助。
873906560,梅瑞狄斯,手雷爆破。
718568411,米雪儿,过来听我说嘛，我才不管什么输赢呢，在我心里，你已经很棒啦。
829096534,奥黛丽,子弹的味道怎么样？
845166334,星绘,有炸弹被安装在这里。
78467096,奥黛丽,别想逃出这片火海。
740124512,未知,春节快乐。每年的这个时候，我都会满心期待，因为我真的很喜欢热闹的爆竹声。
852729370,白墨,这里有护甲。
773758062,心夏,
826813900,拉薇,信念崩塌过的我。本该将生死置之度外。可是你的出现。却让我产生了一丝动摇。
843942736,星绘,风场雷。
876203356,玛德蕾娜,我会守好这里。
823039056,令,
725857945,令,还不到时候。
849614568,白墨,你伤不到我。
85779780,奥黛丽,胜利，理所当然的事情而已。
739416812,奥黛丽,晚上好。你还是和往常一样。一脸悠闲的样子呢。
885292635,拉薇,刚刚那场战斗里，我们仿佛是全场的焦点。可以的话。今天能再和我对练一会儿吗？
869048686,心夏,是我赢了。
877875373,玛德蕾娜,颜料泡泡发射吧。
88297112,奥黛丽,我需要支援。
785860785,明,相信我吧，我会带你们走向光明。
74969066,玛德蕾娜,你是想和我一起画画吗？那当然非常欢迎呀，毕竟我们是朋友对吧？和朋友一起无论做什么我都很开心。
858971348,玛德蕾娜,人家已经很努力了呢。
792350143,令,开始拆除炸弹。
886498259,未知,
819598269,心夏,有人将炸弹安在了这里。
701562521,拉薇,谢谢。
831698526,玛德蕾娜,G28，我们上吧。
809883771,香奈美,把炸弹安装在这里吧。
88029307,玛德蕾娜,加油啦。
818988056,梅瑞狄斯,我将指引前路。
73417309,信,能量尚未充盈。
899273624,明,和你赏月的感觉还不错，下次我们一起再来吧。
803666611,米雪儿,去吧，烟雾弹。
774575132,系统语音,战斗倒计时40秒。
878437176,白墨,闪光弹。
746504538,心夏,嗯。
890464567,梅瑞狄斯,伺机而动。
757441057,系统语音,决赛阶段开始，逆弦化风暴出现，请小心。
879359182,香奈美,啊，人总是会不知不觉的怀念过去。但是现在还有更重要的事情等着我去做。
711693596,拉薇,家母常说。怀抱着心愿，种下一株花草。会收获不一样的缘。
828343393,未知,我曾不慎丢失过记忆。对周围的一切都感到陌生。但正是因为这一次遭遇，我才明白，最为珍贵的东西既非荣耀，也不是名利。而是纯粹的情感。
70195037,星绘,圆满完成任务了呢。
716472882,未知,这里有战术道具。
888737349,奥黛丽,如今，我们也算是同伴了。但只是这样还不够啊。毕竟，只有经得起考验的情感，才不会随着时间流逝而改变。
869236748,玛德蕾娜,早上好，一起描绘出美好的今天吧。
885573413,未知,我已经准备好了，如果需要支援的话，请随时呼唤我。
732690001,香奈美系统语音,炸弹掉落在了A区。
728148356,拉薇,真相藏于光影之间。
789642768,拉薇,等等，注意这里。
88628124,伊薇特,手榴弹。
880529516,星绘,这里需要支援。
85574716,白墨,啊，我可不会这么轻易倒下。
752227326,玛德蕾娜,晚上好，终于可以放松一下了吗？
835669718,心夏,开始拆除炸弹。
774841552,伊薇特,如冰雪般消融殆尽吧。
878856743,拉薇,这里可以安装炸弹。
772135659,拉薇,傅园卡求身。
82247947,明,挺能干的。
852740837,系统语音,54321。
895702927,信,拦截车启动。
837256657,星绘,想和我一起折纸星星吗？在此之前，我们不妨先想一想究竟要许什么样的愿望吧。
725734552,香奈美,你所有的心意我都有感受到啊。所以谢谢你一如既往的支持，也谢谢你如此特别的礼物。
731527526,拉薇,如果你真的像是传闻一样。那我愿意相信你。
728592729,香奈美,我会继续歌唱下去的。
755152782,拉薇,大家好像有些力不从心。
830918957,香奈美系统语音,选择角色朝向舞台的最高峰发起进攻吧。
799400937,信,别慌，我马上回到战场。
842697621,拉薇,我发现这里有护甲。
852021067,玛德蕾娜,真是太好了，我证明了自己的战斗实力呢。
861706947,明,进攻。
815444918,拉薇,疏忽了。
73341573,星绘,希望您的温柔能够保护大家。隐行者。
810094201,拉薇,为什么我感到疲惫的时候，会希望你能理解我的处境呢？或许。只是因为我对你多了那么一点依赖吧。
714041606,梅瑞狄斯,警报器已安装。
827699135,香奈美,我练声时的嗓音是不是和平时有些不太一样？你不会觉得奇怪吧？
438403542,拉薇,嗯。
266499566,拉薇,正在拆除炸弹。
613419900,米雪儿,毕竟我们的立场不同呢。
203685152,白墨,新委托这么快就来了？
922606480,米雪儿,哇，好疼。
599516518,拉薇,赶上了。
31992978,系统语音,攻守互换。
202162415,香奈美,失误了。
223595660,系统语音,我方还差五名，击败获胜。
440992457,奥黛丽,既然来了，那就取得荣耀吧。
493815844,玛德蕾娜,你们剪刀手太暴力了吧，让我们好好相处不行吗？
586669602,令,你好。
166262908,拉薇,勿以善小而不为。大家一起解决问题，才会让世界变得美好。
124439165,信,我来掌控大局。
435151553,信,糟糕。疏忽了那。
615749701,星绘,心想，你难道不能离开欧伯吗？我不想与你为敌。
148268848,玛德蕾娜,卡拉比丘。
672310114,星绘,愿你安息。
558034230,未知,嗯。
413990748,香奈美,哎，别，别这样，都发出奇怪的声音啦。
103863067,香奈美,大家当心，附近有敌人。
523484054,明,卡拉比丘。
291336195,星绘,我喜欢这片星空。听说我出生的那一天。星光变洒，万物生辉，星河铺开如绘卷。如果能亲眼目睹一次，那该多好啊。
204750268,奥黛丽,撤退。
428433371,明,来呀，这就是反抗者的怒吼。
376086806,拉薇,嗯。我一直都在想要对饮或者是切磋的话。我随时奉陪。
989860151,拉薇,旗开得胜了。这都要归功于你的指点呢。
184022766,星绘,
41467346,香奈美系统语音,距离敌方胜出，只差击败最后一个人了。
588740365,米雪儿,哼。
404357641,拉薇,我在研习兵法，这是我每天的必修课之一。这还挺有意思的。要看看吗？
410528097,玛德蕾娜,减速雷。
255199246,奥黛丽,情人节。你不会是为了拿巧克力才特意跑到我这里来的吧？
214243670,香奈美,恢复一下。
662383197,香奈美,原来你和我一样，也还没有睡着。
2142563,香奈美系统语音,炸弹安装完毕，即将为公演增添最璀璨的色彩。
493582413,明,反抗者们扬起旗帜，迎接黎明。
140117364,星绘,今天是情人节吧？在这个特殊的日子里，我准备了一整车巧克力，想要送给大家。如果你有时间的话，不如和我一起来吧。
1029777483,未知,
152822829,香奈美,你还好吗？我想这种时刻你是需要我的，所以无论你说什么，香奈美都会陪在你的身边，倾听你的一切。
143124236,系统语音,势均力敌。
39488521,伊薇特,抱歉。
210688396,伊薇特,菲，帮帮我。
479391878,拉薇,这本书我已经读过几遍了。但每次重温，都会有些新的体会。
43549586,心夏,去吧，医疗无人机。
6941421,伊薇特,太过分了。
102690993,玛德蕾娜,新年快乐。我今年的愿望是让更多的人喜欢我的画作，如果你也能喜欢的话，那就更好啦。
911980215,星绘,初次见面，我叫新慧。这个名字可不是代号啊。请多关照啦。
633150691,未知,嗯。嗯。
499316638,信,我的信念必将贯彻到底。
156897849,心夏,待在那儿不要动。
284857548,星绘,
595971514,令,五颗子弹无常死亡。
575570638,奥黛丽,乌财社今日特报，本季度的巴布洛期货交割已顺利完成。看来差不多该进行下一轮交易了。
913255727,系统语音,战斗开始。
642678641,明,啊，这个巧怀吗？我是从朋友那里得到的，总感觉我不适合玩这个。
156290729,香奈美,这就是为你准备的演出。
199392451,奥黛丽,嗯。
304205391,米雪儿,正义之乡。
910944606,未知,嗯。
978993346,奥黛丽,我知道你也很不甘心了。所以之后的战斗，你要和我一起赢回来。
501873280,香奈美,我听到你在哪里啦？
947022686,玛德蕾娜,大家别难过了嘛，明天我们一定会搬回胜局的。
369590867,未知,追运，五运皆空。
120789197,奥黛丽,要是以为这样就能接近我，那就大错特错了。不过。你足够有诚意的话，还是可以考虑的。
634949690,令,闪光弹。
410529489,梅瑞狄斯,本该再快些的。
58067340,心夏,援护无人机正在运行中。
255290508,米雪儿,我在卡丘世界大展身手啦。
101387359,梅瑞狄斯,可以在此安装炸弹。
652158493,白墨,呃。
212679743,绯莎,太过兴奋了。
391608116,信,制裁完毕。
473702803,奥黛丽,决定好了吗？
650283221,香奈美,呀。
28531752,米雪儿,小心危险区域。
437283308,星绘,这个还不错呢。
320062305,拉薇,你们终将无所遁形。
322045979,香奈美,父母教会了我用歌声与世界对话，粉丝们给予了我存在的意义。所以，我不会逃避，也不能逃避，我要背负起所有人的期望。
661513340,拉薇,圣诞节带给我最深的印象。大概就是某次执行任务时看到的点灯仪式吧。
917748801,米雪儿,明，我一定一定不会原谅你。
17139173,绯莎,如果有奖励的话。钓鱼烧就可以了。
53995032,未知,锋芒所指，敌莫敢当。
16307719,香奈美,我不该去这里的。
698896766,令,这里可以安装炸弹。
319556999,拉薇,烟雾弹。
3535441,伊薇特,找到护驾。
635557366,信,这里有子弹。
638354911,香奈美,嗯，就他吧。
967921674,梅瑞狄斯,顿开杜@之门。
17608886,伊薇特,赢了。工作结束。
932969128,伊薇特,飞，全力以赴吧。
1066890205,香奈美,就算如此，我也不会屈服。
147242988,香奈美,用子弹来谱写最完美的旋律吧。
637132310,白墨,给他们来个刺激的。
978781729,明,拿下那里现在。
955958285,拉薇,你也想试试吗？请坐。
989550799,星绘,即使是在任务之外，你也总是对我关照有加呢。谢谢你。
1057552462,拉薇,把一切风吹草动尽收眼底。
328022633,伊薇特,可以设置炸弹。
69082435,明,准备好战斗了吗？
496801779,信,没有人可以逃脱我的制裁。
355114886,拉薇,你是否愿意追随我的刀光呢？
254121301,伊薇特,谢谢你。
910091384,系统语音,准备进攻，选择你的角色。
594644579,白墨,你不是我的对手。
202529049,奥黛丽,我的枪还没有尽兴呢。
604620613,奥黛丽,今天的歌曲品鉴到此为止了，下次可要让我听听你的歌单啊。
234191896,香奈美,告诉你啊，你的邮箱好像有收到新的邮件，你不赶紧看一看吗？说不定是惊喜呢。
521958446,明,别那么见外，我们不是认识很久了吗？今后依旧请多指教。
965844530,玛德蕾娜,你觉得我和姐姐的关系很好？那当然呀，我非常尊敬姐姐的时尚眼光啊。
145482767,拉薇,再回去练练吧。
164692697,拉薇,今天是卡拉比丘纪念日。可是。究竟会有多少人觉得这个世界是值得纪念的呢？
210063173,米雪儿,剪刀手的名，哼，等你很久了，做好觉悟吧。
114588694,明,卡丘，世界都已经实现永生了，我还一次又一次毅然决然的奔赴战场，哼，你也会觉得我是疯了吗？
59932439,玛德蕾娜,这个嘛，我正在准备炒菜所需要的食材。
14697537,绯莎,炸弹在这里。
1047985043,米雪儿,正义必将执行到底。
422317101,绯莎,好像不行了。
609356860,未知,
363234734,白墨,突袭。
552015329,玛德蕾娜,颜料蛋填充完成。
177418340,伊薇特,捡到炸弹了。
103379792,未知,啊。
675092884,令,距离那个新时代不会太远了。
945547831,拉薇,脉冲刀可启用。
218332301,奥黛丽,格罗夫家族需要的不是一个傲气凌厉的大小姐，而是一个真正睿智的领袖。也不知道如今的我有没有回应大家的期望呢？
1000068411,奥黛丽,我待在这里只是为了更专注的做自己的事情，才不是为了你呢。
1066981978,白墨,表演时间到。
34556643,香奈美系统语音,团队超前护盾与激活一起奋勇向前吧。
495296592,拉薇,时机未到，稍安勿躁。
463039305,系统语音,距离决战阶段仅剩30秒。
306933032,香奈美,你是不是已经知道了？嗯，没错。距离下一次任务的时间越来越近了，我需要做的事情还有很多。
1037329132,心夏,就算只剩下我一个人，也要让大家安全撤离。
463929193,白墨,你想要的一切，乌尔比诺都有。包括自由。
678272069,信,多谢你的支援。
1060086787,奥黛丽,有炸弹安装在这里。
515558734,拉薇,不要在黑暗中沉沦。
260992535,明,不瞒你说，我喜欢拆装枪械什么的，大概是受到了飞沙的影响。你千万不要被那个女人的外表给骗了，她可是相当可怕的。
931399892,系统语音,攻击方胜利。
275011597,令,看破。
474635999,绯莎,封城雷。
264496325,玛德蕾娜,这个叫做G28射手步枪，是我最喜欢的武器哦。
353849149,系统语音,决战阶段即将开始。54321。
955153222,玛德蕾娜,开始拆除炸弹。
385621923,星绘,任务完成。
599717784,伊薇特,
910882349,明,卡拉比丘的繁荣不过是压迫者的粉饰罢了，真相被埋藏在重重谎言之下，你不觉得吗？
1020099640,白墨,这里有战术道具。
941763742,拉薇,速战速决，我还有要事在身。
568719194,奥黛丽,都是因为你总在我面前晃来晃去的，我。我都没法忽视你的存在了。
98558852,奥黛丽,啊，想吃这种巧克力，看来你的品味还不错嘛。
423171689,香奈美,嗯。啊，我突然也好想躺在地上来回打滚啦。
659514088,系统语音,惜败。
977292539,奥黛丽,这次你可欠我的人情了，老威。
408616799,奥黛丽,家族一直以来的经验告诉我。只有保持思维的前瞻性，才能在时代的浪潮中屹立不倒。
27558747,信,我将炸弹放在了这里。
527961015,拉薇,新的时代近在眼前。
248366487,星绘,心香，你还好吧，很高兴能帮助到你。
282266290,心夏,继续行动。
390527750,星绘,准备好了的话，就请开始吧。引航者。
503666516,梅瑞狄斯,稍等片刻。
194937451,绯莎,这里有战术道具补给。
307683245,信,风场雷。
53033299,信,
470048645,明,今天是你的生日吧？能在这个世界里度过和平的岁月，是一件非常幸运的事情。啊，如果每年都能如此。那该多好啊。
299598932,星绘,看见那道光亮了吗？那是室内天象仪发出的光。有他在的话，即便天气不好，也能观察到星空啊。
470958733,米雪儿,嗯，你也忍不住想要逗逗他吗？那你来吧。
283921600,白墨,搞定收工。
445356567,明,我早说过，我会如数奉还。
693696022,香奈美,如果把生命类比成旋律，那他所歌颂的一定是勇气与希望。这也是我的歌声想要传达的内容。
669275132,奥黛丽,突然好疲惫。
217149980,梅瑞狄斯,拦截器已安装。
1007388457,白墨,把炸弹安在这里吧。
205893723,香奈美,我该用什么词语来夸奖你呢？想到了你的表现非常亮眼，我都有些佩服你了呢。
326963414,玛德蕾娜,晚上好，今夜的风景正如画作那般浪漫，你觉得呢？
394079622,梅瑞狄斯,通往灭亡之路。
588101686,星绘,开始安装炸弹。
1001520167,拉薇,真相藏于光影之间。
567191684,米雪儿,火力大招，正义执行。
954430844,梅瑞狄斯,我会回来的。
0022,系统语音,你的生命只会显示在画面的左下角。任务在左上角刷新。按照指示行动。
978627305,心夏,我今天的状态可真不错呀。
937442044,系统语音,炸弹在A区掉落。
238956208,星绘,今天是白墨的生日。我们一起送他一个生日蛋糕吧。我记得这附近有一家甜品店，他们家的蛋糕无论是尺寸、价格还是味道都是上上城的。不如我们过去看看吧。
132575880,拉薇,奥黛丽。看来是我大意了。
425668766,梅瑞狄斯,不。
277040110,未知,当我完全感觉不到恐惧了。那我。是真的崩溃了吧？
346773957,心夏,我找到战术道具了。
681865615,星绘,我希望。能一直待在你的身边。
183277774,星绘,祝我生日快乐吗？真是太感谢了呢，那我可不可以小小的期待一下你的礼物呢？
463597785,绯莎,封场类。
105084571,伊薇特,早点结束吧。我还有研究没完成呢。
0024,系统语音,敌人位置不明，使用主动技能确定敌方坐标。
924128592,信,嗯，你好。
511409934,香奈美系统语音,决赛阶段开始了，逆邪化风暴出现。
61675172,奥黛丽,我记得手工巧克力的制作难度似乎并不大。啊。等等，我这么说可不是想亲手做给你吃啊。
644579355,香奈美,你好。
233588168,星绘,你很累了吧？不如来我身边休息一会儿。我可以陪你一起调整作战方案哦。
672580544,伊薇特,使用警报器。
370813438,星绘,此处有弹药补给。
1049577009,玛德蕾娜,一直聊天会不会有点无聊呀？
675854448,伊薇特,飞，我们化险为夷了。
466931254,星绘,我真的很喜欢这个事情。可是。又有太多的事情让我的内心惶恐不安。我知道。我所做的一切或许改变不了什么，但我还不能停止前进。
583267742,未知,嗯。
514066404,信,抱歉。
258274963,系统语音,敌方即将获胜。
226306263,星绘,这是星币所的人们寄给我的来信。每次读到这些信件的时候，我都能清楚地回想起他们的相貌呢。
1013175564,伊薇特,撤退吧。
622388470,米雪儿,每年一到圣诞节，我就会开始期待下雪，期待圣诞老人放进袜子里的礼物。
534593898,未知,
996628519,拉薇,还有人在等我。与之共矣。
1021136402,奥黛丽,好的。
1007624495,香奈美,谢谢你的支持，我会继续努力的。
582947376,香奈美,初次见面，我叫萧奈美，如果你喜欢我的话，就来听听我的演唱会吧。
336740739,香奈美,当心是手雷啊。
57630389,星绘,烟雾弹。
187449342,心夏,锁定卡秋深定向重构。
274688918,系统语音,领先队伍已到达30分。
909741466,香奈美系统语音,炸弹掉落在了B区。
559681789,米雪儿,又收到新邮件啦，我们快来看看里面有什么吧。
551018652,拉薇,独酌确实冷清了一点。所幸有你的到来。
299364470,玛德蕾娜,警报器布置完毕。
915852798,信,啊。
21968674,香奈美,我。
38299952,香奈美,等一下。
318289507,米雪儿,啊，在这个时候问我觉得谁最厉害，我肯定会说是你啊。
905129248,系统语音,炸弹成功安装。
443689856,明,有炸弹，全体注意。
538088619,拉薇,输了吗？奥黛丽。下次我绝不手软。
637334892,心夏,谢谢，我得救了。
238923436,拉薇,借着当下的气氛。我们互诉衷肠，如何？
505349801,拉薇,虽然在初见的时候就一同饮茶。但此时的感觉是完全不同的。
351631691,米雪儿,火力大喵，冷却中。
531697769,玛德蕾娜,来不及了呀。
544336856,绯莎,请支援。
594756734,玛德蕾娜,幸亏有你啊，你和我姐姐一样可靠呢。
1037020166,拉薇,任务顺利吗？嗯，很好。
50849400,玛德蕾娜,嗯，开始吧。
583096955,其他,来得正好，有了你的增援，我们的胜算又多了几分。
593046803,拉薇,如果。没有背叛的话。
369162304,米雪儿,如果你晚上熬夜不睡觉，早上会不会像我一样赖床啊？
39375995,拉薇,
453011815,玛德蕾娜,我会跟上。
210541658,明,是不会动摇的。
139410226,心夏,是的。
674828362,梅瑞狄斯,杀力风暴以致敌身。
563590638,奥黛丽,听好了，此路不通。
500756691,拉薇,不行。
1049810132,信,全员撤退。
149048711,香奈美,卡拉比丘纪念日吗？每年我都会谱写一段旋律来纪念这个时刻。可是如果有一天卡秋世界发生了改变，这旋律也会因此不同吧？
302235963,香奈美,假如重来一次，我还是会选择成为偶像歌手，毕竟我无论如何都不能让粉丝们失望。
217288287,令,炸弹在这里。
68088254,玛德蕾娜,嗯，现在想来，之前的设计的确是不太行啊，看来我得再多找一找灵感，考虑更多的细节。
166611298,绯莎,猎物全部清除。
661096045,明,都给我记住了，这就是剪刀手。
2385373,奥黛丽,怎么，你还不明白我的意思吗？快过来和我听歌了。
994825725,明,那么要行动吗？毕竟，沉浸在过去的悲伤里是没有用的。
465099098,明,强势护体。
960062137,绯莎,进宫吧。
303699579,拉薇,只需一盏茶的时间。
943969936,拉薇,花道又何尝不是一种生命的美学呢？
400210609,奥黛丽,你的委托我收到了。
475602238,玛德蕾娜,这里不可以碰的啦。
235773167,伊薇特,不用担心，米雪儿，我和菲会一同保护你的。
509463089,信,别担心，我会保护你。
14741922,拉薇,
419002250,拉薇,
543851611,心夏,这里可以安装炸弹。
60576831,梅瑞狄斯,这是意料之外的变数。
99807393,明,干得漂亮，佳克斯形势对我们更有利了。
560554997,星绘,今天又折了很多星星呢。倘若人们真能从我的祈愿中获得幸福，那该多好呀。
457968956,伊薇特,大家不要害怕，飞一定会保护大家的。
1065891795,香奈美,送你退场。
437012237,米雪儿,警报器成功安装。
183574657,香奈美,啊啊，我制作音乐的时候是不是太入神啦？你来多久啦？
343576240,令,这里有战术道具。
226415882,米雪儿,嗯，你是在我手上写了什么字吗？这是什么文字游戏吗？
459460467,明,手雷。
574385890,白墨,可恶，还是差了那么一点。
278608910,拉薇,我需要援助。
927675345,香奈美,我今天的任务对接结束啦，接下来的时间我们一起听首歌吧。
252907957,心夏,强力援助，光速抵达。
644802471,奥黛丽,怎么办？我完全不擅长安慰别人。你。过来选一种安慰方式吧，你是想我拍拍你的肩膀，还是摸摸你的头？
684617409,梅瑞狄斯,魂魄犹在。
328273251,系统语音,距离决战阶段还剩60秒。
236280284,令,你也会大意啊？
1068555756,香奈美系统语音,只差最后一步，就能走向充满光辉的未来啦。
268715929,信,你居然？
439288399,梅瑞狄斯,我将引领所有人。
556789749,未知,嗯。
1073105544,心夏,注意这里。
9938964,拉薇,有什么事情直说便是。我在听闵行者。
12244466,奥黛丽,那。
153750082,其他,
327453105,明,其实我还挺喜欢看书的，阅读能将他人的经验和阅历化为己有。但是读书真的很麻烦呢。
319238335,玛德蕾娜,不，不好意思啊，刚才我正在构思下一幅画的内容呢。
276478417,令,炸弹被安装在了这里。
152707551,白墨,你阻止不了我。
20146353,奥黛丽,你的品味还算不错。
40308427,星绘,似乎听到了你的笑声。他对于我弥足珍贵。原来我一路追寻的光。就是眼前的你。
399393837,玛德蕾娜,哼，准备战斗了。
1241759,明,这里交给我。
478615171,明,不要再做这种事了，我本就很在意你的。
674730020,星绘,将和平献给世界。
350105969,奥黛丽,明白吗？我可不会轻易改变立场哦。
362787783,奥黛丽,啊。
422035999,米雪儿,我的枪也是很准的哟。
371658209,系统语音,与其他高能贤者一起夺取更多晶体，取得胜利。
168604642,奥黛丽,全速进攻。
556056924,伊薇特,飞，碾碎他们。
693106671,未知,
28833744,拉薇,你的背后，我如影随形。
64402624,星绘,薄饼配蜂蜜。这应该是最好的吃法了。
10751601,玛德蕾娜,哇，这么厉害的吗？
561049573,明,破裂吧。
286152159,明,来吧，燃起反抗的火焰吧。
217430451,拉薇,输了吗？
0028,系统语音,贴墙继续。
339196243,奥黛丽,先恢复体力吧。
315537225,信,这把武器还不错。
640808232,绯莎,是猎物的气味。
968655113,香奈美,呀。
439255585,奥黛丽,赶紧开始吧，我的时间可是很宝贵的。
329960781,米雪儿,糟糕，我可能不行了。
687196346,心夏,先不要着急嘛。
62765160,系统语音,决赛阶段开始，请尽快击杀采矿王。
965289927,明,今天是向喜欢的人传达心意的日子吗？这真是和平时期才能保持的习惯呢。不过我并不讨厌和平就是了。
292038100,香奈美,减速雷。
243622591,星绘,使用手雷。
561403544,玛德蕾娜,你为什么不尝试着为我画一幅画呢？在卡拉比丘，世间的一切都能由画笔、油漆和画布来承载。如果万物都能成为艺术品，那该是一件多么美妙的事情呀。
624180999,玛德蕾娜,啊，怎么会这样子。
589957089,米雪儿,新年好，如果有坏蛋敢在这种时候捣乱，我米雪儿一定会好好惩罚他们的。
674430385,梅瑞狄斯,支援我。
611951883,玛德蕾娜,糟糕，颜料似乎不够呢。
141712571,奥黛丽,我可是有仇必报的。
23754259,白墨,谁来支援一下？
628077124,拉薇,抱歉。
371258719,心夏,减速雷。
242667727,香奈美,圣诞节。香奈美当然要和粉丝们在一起呀。放心，我是不会让你孤零零的。
261627171,香奈美,我拿到了炸弹。
244270736,心夏,大家抱歉。
46674981,伊薇特,开始设置炸弹。
60588123,系统语音,炸弹在B区掉落。
656426701,令,抱歉。
456775422,信,开始安装炸弹。
455609526,星绘,这件事情其实是我的责任，所以请不要那么难过了。
137900339,白墨,开始安装炸弹。
115137446,玛德蕾娜,最近，我好像渐渐看清了你眼中的世界，一个五彩斑斓的世界，一个高洁纯净的世界。那么，你知道我眼中的世界？是什么样子吗？
907449270,心夏,这里很危险。
205710915,奥黛丽,准备迎接枪林弹雨吧。
305429741,星绘,我们会平安回来的。
559779483,令,处理完毕。
369053304,未知,嗯。
580875909,玛德蕾娜,只是眺望着天空中的云，一天就这么过去了呢？
99164540,心夏,
542151457,星绘,你来啦。请稍等一会儿。我正在确认近期的救援任务。
284719483,拉薇,跟随这把刀的步伐。
948740462,拉薇,嗯。
422384188,系统语音,你是炸弹携带者，请尽快前往爆破点。
980324230,香奈美,你获胜之后第一时间来找我，是想要我陪你庆祝吗？你被我猜中心思了吧？
284531519,拉薇,香奈美说，我最近表情缓和了不少。要是他在别的地方多用点心就好了。你说是吧。
1037354251,星绘,你是在犹豫该为心夏准备什么样的生日礼物吧？在我看来，送礼的关键在于了解对方的喜好，在挑选礼物的过程中多花点时间也是传达心意的一部分呢。
363858849,拉薇,谢谢。
126766366,拉薇,如果你的故事被写成一本书。我也会想要去看的。
243709770,令,贤能光幕准备就绪。
164923461,梅瑞狄斯,我听见神在告慰亡灵。
313637825,奥黛丽,无人能与我为敌。
540616114,未知,你我的恩怨。就此了断吧。
192999840,梅瑞狄斯,战争总伴随着牺牲品。
294001913,星绘,开始拆除炸弹。
418266321,绯莎,无人可以逃脱。
1018404555,拉薇,现在谁才是猎物呢？
208794216,玛德蕾娜,我真的很高兴能够来到卡拉比丘呀。
324025692,信,等等。
539205520,绯莎,谢谢。
350555938,玛德蕾娜,学着点儿，这才叫绘画。
119179375,奥黛丽,现在我可算是有时间来陪你了。你。不会是已经睡着了吧？
1047472050,伊薇特,雪花般飘飞。
36882324,梅瑞狄斯,攻下此处。
403349357,信,我已布置警报器。
285366776,奥黛丽,见机行事。
582711186,心夏,那真是不甘心呐，下次可一定要更加努力才行。
669788827,玛德蕾娜,快撤退啦。
919429440,明,不赖呀，飞沙，今晚得请你吃一顿了。
263255876,伊薇特,进攻这里。
285090713,梅瑞狄斯,为了所有人。
644070619,香奈美,听歌可不要走神啊。
177926821,心夏,开始安装炸弹。
366566393,玛德蕾娜,啊。这样是不是有些不太好啊？
556249117,奥黛丽,那我就知道是你。这样有失礼节啊。
948103938,香奈美,如果有机会，我要为你写一首歌，等到将来的某天，我们可以在故乡的土地上眺望远方的大海，对着海平线轻轻歌唱。那样的生活。才是我最想要的吧。
1037351051,米雪儿,喵喵卫士准备就绪。
985993471,白墨,你没事吧？
593747008,信,守望之眼准备完毕。
113743410,拉薇,
56175942,玛德蕾娜,对不起。
115665038,白墨,是的。
453382785,香奈美,请一直注视着我吧。
121300404,系统语音,还剩一名敌人。
413473852,奥黛丽,居然能先我一步击败对手，很值得夸赞呢。
1056938430,香奈美,我把炸弹放在这里了。
188692781,信,我早已做好行动准备。
149906610,米雪儿,我开始拆炸弹了。
206806656,拉薇,梅瑞迪斯，你的战斗力还是一如既往的。强悍。
232117186,玛德蕾娜,啊啊，怎么啦啊，不好意思，刚才刚才太入迷啦。
928981950,香奈美系统语音,这就是最后的希望了。
313823984,未知,哼。
472444251,令,是的。
470238641,伊薇特,减速来。
1053226002,明,炸弹就先交给我了。
474697455,米雪儿,来攻下这里吧。
138202278,星绘,我觉得自己像一颗星星那样悬挂在无垠的宇宙中。遥望着你。你能不能稍微做点什么，让我不那么孤独呢？
30763177,香奈美系统语音,哇，真是梦寐以求的完美表演呢。
39052487,玛德蕾娜,咻。
284700168,星绘,是的。这是您身为引航者的工作呀。为我们进行定期的锚定巡查。
189256832,梅瑞狄斯,做得很好。
178990147,玛德蕾娜,你也想吃曲奇吗？那好，张开嘴巴啊。
510019748,奥黛丽,嗯哼。
672738289,奥黛丽,这可称不上是挑战。
339146017,令,突击。
659217525,奥黛丽,新一年的征程又要开始了吗？经过了之前的相处，我们似乎变得更有默契了呢。等等，你可别误会了，默契什么的我只是随口一提而已。
557050482,白墨,拿下这里。
0025,系统语音,不行，敌人货币开国密集。紧急回避，不要恋战。
216106666,系统语音,保护你的阵地。
356959900,伊薇特,飞。我们能赢的对吧。
219317954,信,任务开始了吗？
554188795,系统语音,首杀第一滴血。
450193926,玛德蕾娜,办到了。
557425032,玛德蕾娜,嗯。我早就准备好了，开始吧。
58485591,香奈美,
926079903,玛德蕾娜,不行的啦。
1056928023,拉薇,开始拆除炸弹。
234964758,心夏,对不起。
588516441,香奈美系统语音,即使面对这样的局面，也站到了最后。
1047413156,拉薇,收工啦，时间。还剩这么多吗？
528694642,绯莎,所见之物，猎杀殆尽。
535952794,未知,喂喂喂，你总这么客气干什么呀？我早就说过，我们不用这么见外。
406965464,绯莎,这里有护甲补给。
660325510,未知,我将炸弹放在这里。
29571807,伊薇特,看吧，风雪已至。
487509493,玛德蕾娜,进击。
691527733,拉薇,击碎一切假象。
470635351,绯莎,再见。
927474164,奥黛丽,一般人应该不会像我这样认真的品尝巧克力吧？毕竟在这个方面，我也称得上是专家了。
694169393,令,一起来引领这个世界的革新吧。
438295505,米雪儿,他就像是我们约定好的信物，但我完全不需要睹物思人，因为不管是过去、现在还是将来，我们都会陪伴彼此呀。
916998863,奥黛丽,手榴弹。
588857119,拉薇,有炸弹在此处。
936739488,拉薇,该展开追踪了。
531155061,拉薇,你不必在意我的存在。尽管做你自己的事情就好了。
1056491936,白墨,表演时间到。
975129103,星绘,啊。
680642020,香奈美,进宫之前先刺探情报吧。
1014836307,米雪儿,我知道爸爸的记忆可能很难再恢复了。一开始我确实很沮丧啦，但是后来我也渐渐接受事实啦。毕竟失去了过去并不代表没有未来，对吧？
542360297,米雪儿,如果我能再努力一点的话。
554257239,明,此刻，我们喝一杯红茶吧。杯子不过是一种容器，所乘之物定义了它。是这样的吧。我好像感悟到了一件重要的事情。
156044152,拉薇,晚上好。你说。窗外的夜色。是不是带了些凉意呢？
121039693,奥黛丽,准备好了，火力全开吧。
246598969,拉薇,花下酌为花欠酒。月下浊则为越见酒。那这杯酒。是不是应该叫。君见酒呢？
469591470,香奈美,为我的歌声着迷吧。
554560882,令,嗯，明白了。
1039485926,香奈美,我很喜欢这份礼物，谢谢你。
609386783,明,雷霆立场展开。
526748841,拉薇,闲置已久的刀也该出鞘了。
101616742,玛德蕾娜,烟雾弹。
204426511,未知,嗯，是的。
395633432,香奈美,啊啊啊。啊啊啊。我的气息应该要再多保持一会儿。再来一遍吧。啊。啊啊。
407702956,明,胜利是共同奋斗的见证，而不是我个人的成果，你必须明白这一点。
291872605,心夏,注意团队合作。
23132192,绯莎,下达指令吧，我该做什么？
982838360,星绘,嗯。
492710680,明,不行啊，你们。
977082025,白墨,好的，没问题。
1023699123,梅瑞狄斯,此处危险。
263217425,香奈美系统语音,领先，队伍已取得了30分。
516539581,信,任务顺利。
213253380,白墨,危险。
571252043,玛德蕾娜,颜料泡泡要爆炸了哟。
167679263,香奈美,风场雷。
318082855,星绘,让您久等了。
343411387,香奈美,这就是我的极限演绎。
540816869,玛德蕾娜,等等，小心。
230350055,奥黛丽,你知道这个距离的含义吗？这是随时可以攻击到我的距离。那么。你知道为什么你能出现在这个距离内吗？好好想想吧。或许。是因为信任呢？
648671599,玛德蕾娜,我的卡秋声还真是纤细呀。
695015106,白墨,哟，你来了，等你很久了。
579265347,拉薇,也获得炸弹。
337037567,香奈美,碰击中你了。
524109625,拉薇,反抗。仍会持续。
273123870,玛德蕾娜,没错，是这样的感觉吧？啊，你一直都待在这里吗？
131023749,奥黛丽,闪光弹。
477117391,星绘,谢谢你一直以来的陪伴。我有一份准备了很久的礼物想要送给你，亲，请务必收下。
943479657,拉薇,隐藏的真相终将得到揭露。
677505511,星绘,谢谢你。
477610513,星绘,闪光弹。
376708858,玛德蕾娜,选择这个武器就可以了吗？
191889695,系统语音,加时赛。
106658408,伊薇特,你好。
552586185,心夏,不错嘛，这可是团队的胜利啊。
59546412,奥黛丽,不要随便切换歌曲了，都说了不想听摇滚乐了，快给我换回古典乐。
349985082,玛德蕾娜,哎，终于做好了呀，那么谁先拿到就是谁的啦，嗯。
562133634,玛德蕾娜,这里交给我吧。
103936084,奥黛丽,注意警报器，发现敌人。
903896309,玛德蕾娜,太棒了，赢了。
607213360,奥黛丽,今天是我的生日，如果你想陪我一起庆祝的话，最好现在就告诉我，不然我可就另做安排了。
1046990559,米雪儿,对了，最近刚推出了一款双人游戏，我很想要和你一起玩呢。
960207770,未知,哎。
119622287,香奈美,这里有炸弹。
299377194,明,你在搞什么啊？飞沙，给我振作起来。
1053837543,米雪儿,这里就交给我吧。
526463010,玛德蕾娜,闪光弹。
444603030,米雪儿,既然这一次我都替你欢呼啦，那么今后你人生中的每一个重要时刻，都让我来陪着你吧。
198464415,星绘,很顺利呢。
302504463,香奈美,注意这里啊。
902165591,梅瑞狄斯,此处有子弹。
570104616,未知,我们已经足够努力了。
926320727,梅瑞狄斯,冥界召唤着你。
530841564,梅瑞狄斯,冥府在等待你。
603772919,奥黛丽,我等你很久了。你这是什么表情吗？你可千万不要误会，我只是一时兴起而已。
159298791,玛德蕾娜,对不住啦。
955737122,拉薇,这是绝佳的炸弹安置点。
322484954,拉薇,倒下吧，你赢不了我。
1008864328,明,来呀，这就是反抗者的怒吼。
486617653,香奈美,不要躲着向奈美嘛。
954368972,星绘,真是开心呐。
107115411,拉薇,我的刀已经急不可待了。
559023623,米雪儿,太感谢你了。
175908430,其他,还好，赶上了。
300987355,拉薇,我挑选的这种花枝。倒是与器物很是相配呢。
956396550,白墨,你不会还不知道我的名字吧？白墨，从今天开始要成为你伙伴的男人。
967702898,星绘,之前附近的区域发生了爆炸，很不巧，您刚好就在附近。
282854322,香奈美,请给我拍一张照片吧。因为我想要知道我在你的眼中是什么样子。或许你能理解真正的我。在吗？
463989633,香奈美,嗯哼。
588402057,玛德蕾娜,你好呀。
179516783,米雪儿,这里有战术道具。
239200558,拉薇,就用这个吧。
460305482,米雪儿,啊，总算是胜利了。
413730295,星绘,祝你生日快乐。重要的时刻，总需要重要的瞬间，为此，蛋糕一定是必不可少的。如果你不介意的话，和我一起去怎么样？
906024209,拉薇,如你这般赤诚之心。能够坚持到最后吗？
148122833,星绘,我已经准备好了。
979354380,星绘,愿苦难终结于此。
570098655,白墨,啊。
102647095,奥黛丽,哼，见识到我的实力了吗？
283401576,香奈美,炸弹被安装在了这里。
654402022,未知,诶。
206011080,信,这里由我来守护。
955204616,令,你的反抗毫无价值。
0002,伊薇特,
303334292,心夏,我今天的状态可真不错呀。
611201042,明,使命驱使我行动。
428280120,伊薇特,非全力以赴吧。
366954209,香奈美系统语音,热身快结束啦，各位马上就要登台PK喽。
402965313,伊薇特,你能行吧？
275239513,拉薇,这里交给我。
175017402,拉薇,稍胜一筹，承蒙各位赐教了。
651758931,星绘,倒下了。
1022211594,星绘,这本书里收录了不少与星座有关的故事，是那种孩子们最喜欢听的故事啊。
626071972,拉薇,是的。
579084855,未知,哼。
598698573,米雪儿,哎呀，别闹了啦，你难道不想知道我在看什么吗？
624358495,香奈美,明，我早就知道你很厉害啦。
160733995,绯莎,进攻这里。
991790489,明,啊。
631000056,星绘,这场胜利是大家共同努力的见证。
943485298,星绘,请接受我的援助。
288582053,玛德蕾娜,被表扬了呀。
119199641,米雪儿,搞定了。
965773408,玛德蕾娜,报仇了，我也是说到做到了呢。
928847587,伊薇特,就这么躺着吧。
410180146,梅瑞狄斯,归途又进一步。
531933858,未知,一时成败，不足论英雄。下次我将转败为功。
265933987,拉薇,开始执行任务。
975462754,玛德蕾娜,进攻。
1056918781,心夏,警报器已布置。
518142014,未知,嗯。
569951367,玛德蕾娜,那个你眼中的我是什么样的呢？
252498553,星绘,
129122812,星绘,警报器已部署。
923059886,星绘,愿苦难终结于此。
400123057,信,烟雾弹。
1008806011,绯莎,猎物的血令我强大。
583280858,星绘,非常感谢你。银行者。
215721540,梅瑞狄斯,停止恐惧。
227549334,拉薇,茶且放下，我去去就回。
688927882,拉薇,这世间因果，本该葬于此处。
599388257,白墨,风场雷。
156431654,明,乌尔比诺利，有些人令我印象深刻，比如说飞沙，我和他一起并肩作战过几次，他很合我的气场。
90909503,香奈美,准备好跟随我的歌声了吗？
289752997,令,当心。
903168015,拉薇,一切尚在掌握。
304814478,信,哼。
571916895,明,反抗者们扬起旗帜，迎接黎明。
937601011,心夏,哎呀，我这不是很能干嘛。
2438891,拉薇,当心减速雷。
1030557664,系统语音,领先队伍已到达20分。
996099202,香奈美系统语音,敌方再战胜十个人，演出就终止了。
480881053,拉薇,孤身一人苦苦挣扎的力量终究是有限的。所以。加入剪刀手是我最正确的决定。让我有幸结识了他们这群同伴。
1013108667,拉薇,这就是对我懦弱的惩罚吗？
159123249,星绘,星芒尚未急聚。
49677092,米雪儿,火力大喵全线进击。
216430620,明,今天是谁的生日吧，对吧。怎么你有意见？
104469619,香奈美系统语音,演出马上就要开始啦，各位准备好了吗？
119723802,玛德蕾娜,我被放倒了。
977446723,奥黛丽,我可不是刻意过来找你的，只是想知道你究竟在忙些什么啦。
105804178,香奈美,这也算是演出啊。
680173178,系统语音,正在运送新河空投。
307967094,拉薇,也许是巧合吧。那时候种下的兰草。终于开花了。
1026618656,伊薇特,大家不要丧气。非说失败是成功之母。
128399945,米雪儿,我从来都不觉得天真是件坏事，因为在那些不切实际的梦想背后，说不定就藏着大家真正想要过的人生。
657806535,令,目标完全损毁。
386617159,拉薇,必须拿下这里。
1037901890,奥黛丽,啊。
400722522,奥黛丽,怎么？没见过我盛装出席吗？
540787660,白墨,是时候教训他们了。
361575690,令,进攻这里。
305302405,明,弱爆了。
319417637,香奈美,进攻这里吧。
635427672,奥黛丽,我并不否认，背叛依旧有可能存在。但如果是你的话，我应该可以敞开心扉去相信吧。我看你也不敢辜负我的信任吗？
304525459,香奈美,你是想要我给你签名吗？当然可以，没问题。
485562054,明,生命脆弱如纸，性也一文不值。
60763966,米雪儿,有困难就找搜查官嘛，我做好了随时出动的准备哦。
425934194,信,嗯，是有任务要交给我吗？
965820410,信,坚守阵地。
240225428,拉薇,我很少与人谈及自身的事情。但如果是你想要了解的话。我会说的。
489943009,玛德蕾娜,圣诞快乐，我今年设计了好多圣诞系列的服装啊，一起去街上看看有没有人穿吧。
548399245,心夏,警报器发现敌人，我会支援的。
913948982,未知,
50040693,米雪儿,大意了。
1068115833,玛德蕾娜,开始安装炸弹。
460062878,玛德蕾娜,大家看看这里。
1006569064,明,把炸弹安装在这里吧。
542363433,伊薇特,呀。
648128416,星绘,等待时机。
208695079,香奈美,早上好呀，你是来听香奈美唱歌的吗？
131472307,未知,嗯。
604698373,香奈美系统语音,54321GO。
533533453,拉薇,让我纠正你的错误。
693000274,拉薇,我有吃饭团的习惯。大概是因为怀念过去吧。
474620808,未知,嗯。
232117294,拉薇,引行者。缘。真是妙不可言呢。啊。当然。你也一样。
392181749,明,给我消失吧。
6647461,玛德蕾娜,嗯，难道你对我的卡秋深感兴趣吗？
604242967,玛德蕾娜,好，我明白了。
215704815,玛德蕾娜,我可要认真了。
288657470,拉薇,嗯。万事俱全。
668029678,信,全员进攻。
942437937,星绘,啊，原来一师炼肌的感觉是这样的呀。
1037289928,白墨,真不该这么大意。啊。
581400538,明,启动拦截者。
422957846,奥黛丽,那最近我是不是压力太大了，感觉有些疲惫了呢？
263940908,星绘,这就是我的礼物。
640088466,信,
384115708,拉薇,这世间因果，本该葬于此处。
1058551061,拉薇,转眼又过去了一年。你的生辰是哪一天？能让我陪你一起度过吗？
923551939,奥黛丽,啊。真是不可思议呢。明明都已经这么晚了，你竟然还没睡着吗？
67383792,香奈美,非常感谢你的应援，我会继续努力，绝不辜负你的期待。
934820347,拉薇,我的脚步。要停滞不前了吗？
545226335,未知,哼。
149172136,未知,
415439825,心夏,怎么会？
999970602,拉薇,之前反复强调不要在战术报告中出现，今天运气不好，我的拳头真印这种毫无意义的流水账。
45362098,拉薇,不要拘泥于一时的失利。你也常常这么鼓励我。下一次。我和你一起赢回来。
957352565,绯莎,和往常一样，执行任务就好了。
990551147,拉薇,打量了我这么久。不会是在找我随身带的那把刀吧？
34520893,米雪儿,有人吗？谁来帮帮我呀？
257964363,白墨,太简单了。
949930763,香奈美系统语音,保护好炸弹携带者，登上未知的舞台吧。
114226312,伊薇特,交给你了，飞。
206949317,拉薇,这是对疏忽者的惩罚。
142149349,令,是时候全力以赴了。
152339324,拉薇,如果时间有限的话。与你相处才是我更想做的事情。
548975690,伊薇特,寒风吹起来吧。
1018048319,米雪儿,我我需要支援。
494759161,星绘,也不知道为什么。每次和你接触，我的心底里都会涌现出那么一点点不可思议的感觉。
602815729,米雪儿,当心手雷。
482003690,梅瑞狄斯,此处有战术道具。
272754837,米雪儿,耶，干掉一个。
428403369,星绘,建议撤退。
364449469,心夏,你好啊。
484010024,拉薇,我想试着将此刻的意境融入花道。你要坐在一旁观赏吗？
244855069,香奈美,莫非你也会烦心于深夜吗？
405906234,梅瑞狄斯,下一次，我不会再原谅这种失败了，请倾力而为。
366200608,玛德蕾娜,如果一切顺利就好了。
938829520,其他,根据以往的作战经验，一个五人小队的预备卡丘身为50副，我们只要能将其尽数破坏，就能获得胜利。
401143681,拉薇,我家武馆前的小摊。经常卖着各种鲜贝。和我记忆中的味道非常相近。真是令人怀念呢。
231194026,奥黛丽,看你这睡眼惺忪的样子，倒是有那么点可爱。
1042113174,星绘,这是我昨天为您准备好的小礼物，还请您收下。
962073786,拉薇,嗯。下次往饭团里面塞一些梅子干吧。比白饭味道会好很多。
526520288,心夏,我，我倒下了。
932368127,系统语音,敌方还差一名击败获胜。
497953411,香奈美系统语音,哎，演出完美谢幕，大家辛苦啦。
1048425941,拉薇,回忆被剥夺的一瞬间。人生也就随之改变了。我正是因为看清了残酷的真相。才不愿接受宿命的安排。
1011819921,香奈美,开始拆除炸弹。
467142093,香奈美,请一直注视着我吧。
1029335290,明,米雪儿吗？那个欧泊的鹰犬？哼，别再让我看到他，否则会让他吃尽苦头。
652300102,奥黛丽,警报器已布置完毕。
945938893,星绘,你也对救援任务有兴趣吗？我知道你的好意，但抱歉。这些事情请让我独立完成。
918968108,明,
596135584,信,很好。
988558380,未知,猎虎勇冠三军。
652285266,奥黛丽,我把炸弹放在这里了。
459522604,梅瑞狄斯,注意此处。
136266961,明,你不要试图寻找那些被我掩饰的伤痕，对我而言，这更像是一种惩罚。
127305825,信,是我棋差一招。
911728377,未知,这里有战术道具。
683838812,奥黛丽,如果今天见不到想见的人，应该会很烦恼吧，但是你肯定遇不到这种情况了，所以快对我心怀感激吧。
538138883,未知,
1001852588,拉薇,这条道路。我势必要走到最后。
225336761,玛德蕾娜,你的手感觉好温柔。
183896359,白墨,你好。
681212077,心夏,开始拆除炸弹。
501571297,拉薇,首个目标已清除，早点收工吧。
148751918,白墨,不。
1056319731,拉薇,我请求支援。
637788953,香奈美,候场片刻。
583731917,伊薇特,如冰雪般消融殆尽。
989281322,白墨,那失算了。
626144264,玛德蕾娜,啊，好累啊，那些每天都能打扫房间的人真的太了不起啦。
65381689,星绘,还是失败了。
695959605,玛德蕾娜,靠你了，拦截者。
339892722,明,啊，你突破不了年龄限制的，就跟之前说的一样。
506776961,令,另，我的名字。不过你不需要记住它。
200492979,米雪儿,对于你的事情我都很好奇呢，你就没有什么想要偷偷告诉我的吗？
438146469,星绘,我一直记得你所说过的。
937676841,白墨,这一次，我记住了。
185530711,未知,拆解卡拉比丘的任意一件武器，我都很得心应手，包括射击原理和弹道范围，我都知道得一清二楚。但是。我却搞不清楚。对你的感情。你很温暖。与冰冷的武器不同。
1001822649,星绘,星光指引前路。
484701948,米雪儿,哇，太谢谢你啦，我一直以来都很想要收到这样的礼物，所以你算是满足了我的心呀。
308232716,米雪儿,可恶，我竟然会被你这种家伙干掉。
361000221,伊薇特,突击。
1050322937,明,我们是剪刀手，注定要颠覆世界的人。
108279451,梅瑞狄斯,我们会胜利的。
35466875,伊薇特,能来防守这里吗？
530156503,伊薇特,我倒下了。
59744626,绯莎,失策了。
617528732,奥黛丽,你可逃不出我的扫射范围。
399663211,星绘,真的很感谢大家为了新闭锁而做的一切努力。就在刚才，我还准备了不少礼物想要送给大家呢。
645307351,玛德蕾娜,这里有子弹补给哦。
1033553962,未知,你。
576294110,玛德蕾娜,请求支援。
590325134,香奈美,为我的歌声着迷吧。
291048009,令,我将为你们的死亡赋予价值。
24318061,米雪儿,就是它了。
1021074174,伊薇特,
432433850,奥黛丽,你倒是提醒了我，原来今天是飞沙的生日啊。出于礼貌，我是不是需要为他准备一份礼物？
362497105,奥黛丽,这里有护甲。
59200336,令,没有人可以逃脱我的枪口。
145886603,拉薇,不过尔尔罢了。
290563699,拉薇,多谢援助，我要立即返回战场。
663626711,香奈美系统语音,全员留在舞台上的身姿是不是比任何时候都更加耀眼呢？
638045832,星绘,你没事吧？
315087357,香奈美,不要阻拦肖奈美。
630862374,玛德蕾娜,我这就来帮你。
1031834895,梅瑞狄斯,忤逆之人，当凌神罚。
900517545,系统语音,团队护盾强化与激活。
0026,系统语音,系统随时可能坍塌，时间紧迫，我来指引你攻破的。
109080290,玛德蕾娜,颜料泡泡要爆炸了哟。
25477707,伊薇特,没人能逃离寒冬。
58061744,信,是我的，是我。
48566991,系统语音,请选择你本局想使用的武器。
90840313,心夏,久等啦，我叫心夏，如果有什么和医疗相关的事情，记得找我啊，嗯，请多关照。
148410051,拉薇,最近我翻看的武侠小说里，登场了一个很有意思的新角色。总觉得性格气质和你有几分相像呢。银行者。
416121283,奥黛丽,那太不甘心了。
402260441,拉薇,这就是我的结局了。
699550426,星绘,如果能把这些星星赠送给新闭所的人们，他们的生活多多少少会增添一些希望吧。那样的话你也会感到开心的，对吧。
149853283,明,请求支援。
457024177,明,究竟要怎样才能变得更强呢？分明还有那么多的不公，那么多的压迫，那么多要保护的人。而我却。该死。
272110067,明,让AKM吞掉吧。
480939329,星绘,抱歉。
15452577,拉薇,真相冲破桎梏。
555206279,明,真是自作自受。
686435422,梅瑞狄斯,疗愈一事。
298087915,令,开始安装炸弹。
274360474,未知,啊。
299087097,绯莎,你好。
462002962,星绘,你好像收到邮件了。莫非是什么重要的来信？那可不要继续等待了，赶紧打开来看看吧。
980389771,心夏,哎呀，我这不是很能干嘛。
236242648,米雪儿,开始安装炸弹。
211919656,星绘,哎，你带了甜品给我吗？
93901056,心夏,很好，行动继续。
1026241327,奥黛丽,快去查收一下新邮件吧，如果不是你，我才不会特意提醒呢。
115726312,香奈美,舞台的焦点一直是我，对吧？
602055647,拉薇,今年的兰草花期没有推迟。是否是因为你的到来呢？
547071536,系统语音,高纯度星河出现。
989196324,白墨,撤吧。
144469968,白墨,啊。真应该当心一点的。
230856730,玛德蕾娜,有炸弹被安装在这里啊。
251634450,香奈美,啊，没错，我要再改一改。这段节拍听起来还不够完美。
231886259,明,当心有危险。
520566835,香奈美,仔细听会有回音的。
273614399,心夏,开始治疗。
473292478,明,回归战斗。
657149245,心夏,我会守在这里。
688542577,伊薇特,我们好像。不行了。
27806406,星绘,我不会对你有所隐瞒的。可是你为什么要触碰那里呢？我心里随之而生的微妙感觉又揪清。代表着什么呢？
1010974622,未知,很好。
914122543,玛德蕾娜,撤退。
313199080,拉薇,今后的路还很漫长。我可以陪你去看看终点的花吗？
660089983,白墨,我向来有仇必报。
671112244,米雪儿,这个看起来不错，哎。
412644003,伊薇特,炸弹已丢弃。
19837084,绯莎,狩猎开始。
493632538,白墨,解决了。
352399515,星绘,这样的结果，源自所有人的努力。所以谢谢你的帮助。
934264029,白墨,我可从不打没准备的仗。
358136474,拉薇,如果没有你的话。我想，如今的我。一定还迷失在黑夜之中吧？
602358678,拉薇,饭团的口感稍微有点松散。是我揉捏的力度没有掌握好的缘故吗？
1013521588,拉薇,警报器部署完毕。
902672692,香奈美,我有战斗到最后一刻吧。
212226051,明,不可以。
236640294,米雪儿,等等，这里有护甲补给。
110506226,未知,很好。
228714448,白墨,呃。
914931523,拉薇,遇见了你以后。内心的这种想法似乎渐渐的被抵消。
63122057,心夏,医疗无人机紧急救援。
540168850,未知,茶还是热的，我们继续聊点什么吧。
265788452,香奈美系统语音,在团体工眼前稍微热身一下，有助于保持节奏感。
699104591,香奈美,是的。
1018659987,奥黛丽,我叫奥黛丽格罗夫。认识我将会是你的荣幸。
326153936,系统语音,保护好炸弹携带者，摧毁目标。
352125461,星绘,春节快乐。刚才我发现附近有一家很不错的可丽饼店，有时间的话陪我一起去吧。
971191227,拉薇,一天之计在于晨。让我们一起看看今天的日程安排吧。
1041460235,香奈美,期待我的演唱会吗？
352723002,信,注意这里。
1021925426,未知,不要动。
947369891,拉薇,给我清醒一点。
0030,系统语音,就是这样保持住。
45096288,米雪儿,我这就来救你。
573118235,心夏,解决一个。
282875633,香奈美,啊。
272296763,心夏,我来治疗了。
478230291,绯莎,闪光弹。
229728351,星绘,无数次，无数次。
468887920,拉薇,还是？逃不过吗？
432598689,令,撤退。
509540821,白墨,哼，我会守住这里。
562582153,其他,情报显示，剪刀手组成的五人小队将对我们进行一次武装突袭。
672892454,白墨,一击毙命。
449785355,令,我们是剪刀手。我们为革新而来。
995756031,拉薇,活下来了。
0027,系统语音,这里没有常规通路。鲜花刺身。
1061088770,米雪儿,哇，我猜的没错，你果然取得胜利了。
244176532,白墨,开始拆除炸弹。
273407004,香奈美,Hi。你是特意来见我的吗？
524962700,拉薇,嗯。
27391491,令,可恶。
537288855,令,哼。
904846801,玛德蕾娜,今天是卡拉比丘纪念日，真希望越来越多的人能喜欢上我设计的衣服呀。
259075104,香奈美,要朝着胜利的方向歌唱啊。
413071112,米雪儿,可恶，不该输的呀。
1066280900,拉薇,嗯。
619155356,星绘,我们大概有很长时间没有见过面了吧。一日不见，如隔三秋。对我而言，这些时日很是漫长了。可不可以答应我，下次不要再离开这么久了？我真的很希望你能一直陪在我的身边呢。
1030793648,系统语音,上半场最后一局。
116139945,香奈美,小妹妹喜欢这个。
330951462,心夏,我来为你疗伤。
16452637,香奈美,哈。
252392897,拉薇,拦截者设置完成。
475251724,白墨,吼吼，起飞。
287588425,星绘,补给完毕，随时都可以出击哦。
509023249,白墨,减速雷。
516042718,星绘,您会逐渐理解的。
394046587,拉薇,不要再次倒下。
477087570,星绘,目标已被击打。
261851595,拉薇,世界绝不能交给你们。
246440343,明,烟雾弹。
46207201,拉薇,下次想一起去茶社赏月吗？我很喜欢夜风拂面的那种宁静。如果是与你一起的话。一定还能欣赏到不同的风景。
944173264,明,这个吗？这是我从拉威那里悄悄拿来的零食，你想要的话，我可以分给你一袋薯片，慢慢吃吧。但是我们不会被发现吧？
464679338,奥黛丽,哼。
690382426,明,好在是赶上了飞沙，你可得好好谢谢我。
0023,系统语音,老魏汇报情况。
1058135204,梅瑞狄斯,送至冥界。
324681708,信,这里可以安装炸弹。
550279003,信,谢谢。
426461803,伊薇特,新前辈果然很可靠啊。
593088497,未知,啊。
281975920,米雪儿,火力大喵是不会饶恕你们的。
466764126,梅瑞狄斯,冥界召唤着你。
27361136,米雪儿,今天很特别哦。啊，你不知道吗？这是属于我们的卡拉比丘纪念日啊。
387020490,拉薇,明，那家伙最近总是缠着你。给你添乱了。我会找他解释的。明明。是我主动想见你的。
314358272,玛德蕾娜,耶，我也是能做到的呢。
900329296,心夏,卡拉比丘。
389029869,星绘,星光指引前路。
324341565,白墨,自由就在前方。
403292479,白墨,好吧，就它了。
17717843,拉薇,在我的家乡，情人节是一个互赠鲜花的日子。你知道每一种花的背后。都有着特殊的寓意吗？
250776796,未知,嗯。
941084797,拉薇,每到生日这天。我还是会想念母亲做的红豆饭。因为在记忆里。它是甜的吧？
655768106,梅瑞狄斯,进攻。
1042181064,伊薇特,发出危险信号。
178868409,米雪儿,哼，看我的减速来。
294930460,奥黛丽,这里有战术道具。
164501356,明,什么有新口味薯片的促销活动？那么薯片在哪里呢？喂，你不会是还没有买吧？
1012158711,米雪儿,我来守住这里。
52266256,奥黛丽,你不会真以为我忘记今天是你的生日了吧？我可是特意列好了计划，准备带你出去挑选生日礼物的，你这个笨蛋。
411561213,奥黛丽,不可以。
572879343,梅瑞狄斯,闪光弹。
642675748,星绘,新年快乐。这是我准备好的新年礼物。如果不嫌弃的话，请收下他吧。
619570973,梅瑞狄斯,葬于此处。
411330721,星绘,看你晕倒了，我临时检查过了，你没有外伤。
307793258,玛德蕾娜,轮到我出场了。
1045516582,拉薇,以酒为助。来和我过过招吧。
573320565,明,
567522568,米雪儿,不愧是艾米，太棒了。
163571447,玛德蕾娜,一定要好好使用这个炸弹哦。
537997878,心夏,很可怜呐。
449481527,心夏,风场雷。
431148133,奥黛丽,听好了，此路不通。
496958985,伊薇特,冗余数据全部清除。
516441093,玛德蕾娜,艺术的真谛。
972771894,米雪儿,先不要放弃啊，我们还有机会的。
630329764,拉薇,知己知彼，百战不殆。看来。我也要加深对你的了解。
654798742,香奈美,我们加倍努力了。
28136906,系统语音,敌方还差十名击败获胜。
110395586,伊薇特,找到子弹。
177610375,奥黛丽,春节快乐。如果你有什么愿望，倒也可以说来听听，凭借我的能力，说不定能帮你实现呢。
95979046,米雪儿,火力大喵，正义执行。
1051988949,拉薇,开始安装炸弹。
374944267,拉薇,还是不够谨慎。
476356920,未知,
962610267,玛德蕾娜,哎呀，好难为情啊，不要再看我了。
198459688,星绘,今天是你的生日，对吧？我为你准备了一份礼物，虽然有些冒昧，但这也算是我自己的一点小小心意吧。
964893922,星绘,胜利即将到来。
251764248,奥黛丽,那你在做什么呀？茶都快被弄洒了。
969558557,米雪儿,是时候进宫了。
607106163,令,这里有子弹。
1024476390,玛德蕾娜,嗯，每次从这里眺望天空时，脑海中都会涌现不少灵感呢。
57751194,梅瑞狄斯,执守真理。
118246056,星绘,非常感谢。
139478516,米雪儿,哇，这期动画简直太精彩了。
197489088,信,这份和平，我将守护到底。
553071694,信,我会守护所有人。
273690269,星绘,这个凳子我记住了。那我是不是能期待那么一点回礼呢？
1067635215,星绘,维护住了和平呢，不愧是新夏，真是厉害。
415555215,星绘,在我看来，您更像是我的前辈，我的同行。
918032881,绯莎,气味暴露了你的位置。
561520989,信,我来掌控大局。
539024674,令,警报器发现敌人开始行动。
37482617,香奈美,由我来主宰狂热的舞台。
1004735341,伊薇特,非会为你加油的。
680233271,令,啊。
698590828,心夏,疗伤就交给我吧。
243689785,拉薇,没问题，我们出发吧。
41409615,玛德蕾娜,手雷。
169038556,香奈美,我是绝不会退缩的。
609428035,系统语音,战斗即将开始，请做好准备。
516139786,奥黛丽,给我闪开。
603008713,玛德蕾娜,姐姐，你看见了吗？
489706991,明,该死力量还不够。
181884100,奥黛丽,我是不会认输的。
48285514,香奈美,今天是我的生日，我邀请了一些粉丝来参加生日会，这样的话，一年一次的纪念日也会变得格外有意义吧。
162641350,星绘,你好呀。
673667183,系统语音,宁死玉碎。
267295657,信,脉冲领域。
604016362,拉薇,谢谢。我会把你的这份心意。铭记在心。
237137866,绯莎,这里有炸弹。
57678677,拉薇,抱歉。
281463511,明,哼。
107194352,未知,不。
1031715976,奥黛丽,你要试试这盒巧克力吗？它的外观和口感姑且算是达到了我的要求。
688265014,玛德蕾娜,很高兴见到你，我的名字叫马德雷娜，是姐姐的专属时装会师。请多关照啦。
397490189,拉薇,你喜欢雨天吗？我不喜欢。因为一到雨天。我就会想起很多事。
1053503271,伊薇特,太好了。
165084955,拉薇,此刻。正是封政朝廷。
285002259,明,把这一切撕碎。
177091438,系统语音,仓库已激活，下半场正式开始。
684267834,米雪儿,我总觉得自己应该会有一些特殊的使命，就像是治愈崩溃症啊，击退剪刀手什么的。好，我没在开玩笑，我是认真的哦。
919323275,信,警报器发现敌人所有人注意。
340823371,拉薇,我喜欢聆听晚风的声音。这会让我想起。小时候在武馆林子里练武的日子。我一个人能待一整天，忘记吃饭也是常有的事。
944475326,明,还不赖吗？
952308245,心夏,医疗无人机整装待发。
625315266,未知,哼。
1020813525,白墨,拦截者已安装。
388013004,令,注意这里。
1027671766,令,击杀目标。
5087822,未知,随风去。
662440252,绯莎,不过是猎物罢了。
475689973,香奈美,我很享受音符在指尖弹跳的感觉。你觉得呢？
922178434,奥黛丽,在我面前，你们还差得远哦。
956680275,香奈美系统语音,团队轻型护盾与激活，事情变得有趣了。
94244111,伊薇特,拦截器。
902479489,星绘,我们约定了今天进行锚定巡查，检测我的状况，并进行记录。
1063182750,明,居然被这种手段。
302625367,伊薇特,小心这里。
524365914,伊薇特,啊，终于结束了。
248831116,星绘,放心吧。我平时是不会携带武器的。莫非？你是在担心什么吗？
949366027,明,当心这里有问题。
251534525,香奈美系统语音,距离战斗结束还剩40秒。
994531502,拉薇,今天是梅瑞迪斯的生日。对他而言。只要我能在生日的当天到访。那便是最好的祝福了。
228817949,米雪儿,我真正想要贯彻的正义是什么？这必然是一个需要思考很久的问题啦。
44962404,明,找到炸弹的位置了。
161800934,拉薇,这把武器就可以了吗？
0005,伊薇特,
156837726,拉薇,能送出如此特别的礼物。大概是因为你足够了解我吧。
42955322,未知,
1019480828,白墨,谢谢。
489097771,米雪儿,我相信。只要维护好卡丘世界的秩序，就能让大家过上幸福的生活。
383939605,拉薇,显真章。
525928160,梅瑞狄斯,轮到我出击了。
202462163,信,停止你的抵抗。
157986740,信,
917741758,玛德蕾娜,发现你的脚印了。
508950850,伊薇特,我。需要休息一下。
32445380,令,我已获取找的。
405558679,奥黛丽,哎。虽然我对圣诞节的庆祝活动没什么兴趣，但是如果你坚持要我陪你的话，我倒也不是不可以答应你了。
353916701,系统语音,我方还差一名击败获胜。
492941388,梅瑞狄斯,此乃手雷。
446688761,米雪儿,其实没什么啦。
253145669,香奈美系统语音,击败最后的对手吧。和香奈美一起。
481974235,奥黛丽,做好觉悟吧，下次我可不会再输了。
990677060,系统语音,仓库被盗，请尽快支援。
685303064,米雪儿,最近爱顿城正在举办漫展，如果你有空的话，要不要和我一起去啊？我有好多想买的周边呢。
585896748,明,闪光弹。
243447428,绯莎,任务顺利。
43918540,拉薇,我们才不会对民众出手。如果你发现那种宵小之徒，就告诉我，我一定会亲手肃清，以执行者的名义。
1073041069,拉薇,你的背后，我如影随形。
492843508,星绘,卡拉比丘。
944563134,伊薇特,你们干扰到我的实验了？
183437555,香奈美,我可是记得很清楚啊，今天是你的生日，祝你生日快乐，祝你生日快乐。
1022714135,米雪儿,对不起了。
505955318,明,我是剪刀手的宁，我会以战场上的实力来估算你的价值。
604026990,拉薇,真是不甘心呐。
360350466,伊薇特,胜利是我的工作。
1073711777,拉薇,新的邮件到了。请随我去查收一下如何？
119297693,心夏,大获全胜怎么样？我早就说过，医疗可是战场中必不可少的要素。
489522485,香奈美,咏唱命运旋律。
516005889,星绘,行香。我知道你有自己的愿望。但真正与你在战场上相遇，我依旧难以释怀。
590942458,心夏,进宫这里吧。
207117515,白墨,只要我还活着，就没有人可以控制乌尔比诺。
507982090,信,偿还旧孕罢了。
205320289,绯莎,卡拉比丘。
100639332,米雪儿,我不是小孩子啦。哼。
246168978,香奈美,啊。嗯。
969345858,白墨,两个有点不够打。
569594040,米雪儿,这是家里的最后一包零食了，你可不要全都吃完哦。
197331407,未知,我会守住这里。
361734739,香奈美,有拉威在，事情可就容易多了。
267272048,明,我要开始拆除炸弹了。
989574749,明,啊，让我看看月亮吧，你也一起怎么样？
656550750,令,风场雷。
492410403,信,我的名字是姓。我会进行保护你的职责。
152227681,信,我会守住这里。
65870838,信,是。
173341211,星绘,晚上好。你有试过在夜晚吃冰淇淋吗？那是一种很特别的体验哦。还剩下一杯。我们一起吃怎么样？
107492952,梅瑞狄斯,在我面前，一切皆徒劳。
90057716,星绘,请交给我吧。
221294650,心夏,大家要加油啊。
29718339,奥黛丽,光焰万丈。
249636697,拉薇,当心这里。
13294932,香奈美,怎么啦？不如把心事悄悄告诉我吧。
334992224,玛德蕾娜,我画了新的设计稿，想听一听你的建议呀。
370449437,拉薇,射日六合归一。
682986079,拉薇,不错啊，奥黛丽，这次我倒是对你有些刮目相看了。
344481207,星绘,连续击破。
172751761,绯莎,这里危险。
510599781,令,我将炸弹放在了这里。
1003152403,拉薇,嗯。做得不错。
1031633916,星绘,你知道吗？我总喜欢描绘自己脑海中的星空。如此璀璨。浪漫。遥不可及。总有人说我这个习惯很奇怪呢。
954290938,玛德蕾娜,是我粗心了。
341748864,拉薇,不许倒下，明，让我见识一下你的勇气。
965782522,伊薇特,好像。来不及了。
1223521,米雪儿,你是来陪我玩游戏的吗？我正好缺少高手的指点呢。
657331898,系统语音,投票结果已产生。
23821938,未知,
571769419,明,都给我灰飞烟灭吧。
912726593,米雪儿,来这里安装炸弹。
311465180,香奈美,咏唱命运旋律。
353064259,香奈美系统语音,各位成功的守护了很多东西呢。
952517362,信,走空中路线吧。
1034804313,玛德蕾娜,恢复一下。
533503766,香奈美,啊。
190808896,米雪儿,嗨，如果你需要我，我一定会帮忙的。
1018507854,星绘,出击。
580230710,拉薇,剪刀手是被拧成一股绳的组织。每个人的目的不同，但我们也会分享快乐，互相舔舐伤口。
437900229,拉薇,繁荣是假象？永生是谎言。我已经不会被这个世界所迷惑了。
634715007,玛德蕾娜,你看起来不太强呀。
1035126246,明,一年又一年，不公尚在，黎民未至，我的战斗依旧无法停止。
183424673,米雪儿,看我的风场雷。
1043320986,米雪儿,我拿到炸弹了。
958460499,香奈美,到此为止了。
431527926,明,炸弹就先放这儿了。
478040281,未知,击溃你们的妄想。
380898082,信,我不过是在履行职责罢了。
965562705,绯莎,所见之物，猎杀殆尽。
341526242,米雪儿,两个也不是问题嘛。
42999698,心夏,我把炸弹放在了这里。
391443489,明,
386770607,香奈美,嗯。
1011653577,伊薇特,飞。这一次好像很顺利呢。
255107886,其他,那现在的情况如何？
367486172,伊薇特,还记得我吗？
251650670,拉薇,闪光弹。
161780126,令,手榴弹。
467120775,未知,
658545923,系统语音,新河不守，集结吧，夺取足量贤能。新和。
117684652,明,我开始安装炸弹了。
1024386750,香奈美,站在舞台的每个瞬间，我都会倾注自己最大的热情。
570829975,拉薇,承让了。
208066433,拉薇,嗯，我忘记告诉你饭团里有梅子了吗？
1060786973,拉薇,就由我来开辟前路。
204492628,绯莎,建议撤退。
367375821,香奈美,一切准备就绪，我的演出要开始啦。
944068627,拉薇,生日快乐。我从来都没有忘记这特别的日子。是你的生日。这能否算是我重视你的一种表现呢？
190858696,香奈美,当一下妹妹，不要放弃哦。
668390494,明,可恶。
441887545,星绘,很棒呀。
1005689394,香奈美,你。
633093788,系统语音,极限胜利。
1021077992,香奈美系统语音,大危机，离敌方胜出只差击败五个人啦。
125791115,白墨,来吧。
15981984,星绘,随时可以执行任务，需要的话跟我打个招呼好了。
399157774,米雪儿,为了不在逆境中轻言退缩，我一定要积攒起足够的勇气和决心才行呢。
357231753,信,啊。
333049732,星绘,接下来，你也许会遇到更多的人和事。
506088646,香奈美,就要离场了吗？
1043249435,拉薇,我舍弃了炸弹。
208207610,明,决定了吗？
21676411,米雪儿,每次收到你的礼物，我都会特别开心呢。
580750165,伊薇特,我明白了。
564708640,星绘,请交给我。
1046953878,星绘,减速雷。
252336822,令,行动继续。
94595250,信,卡拉比丘。
440027501,信,当心。
561637866,米雪儿,这下做够了啦。
669514040,玛德蕾娜,颜料泡泡发射吧。
639575166,明,你觉得人类的价值取决于什么呢？在我看来，是信念、觉悟以及自由。卡拉比丘剥夺了一个人的所有，我有必要为此战斗到底。
234613464,绯莎,你们是猎物？
1050211109,令,生于日光，遁于黑暗。这是狙击手的使命。
955007551,心夏,如果有什么和医疗相关的事情，记得找我哦。
277730018,未知,哼。
397051874,白墨,急什么？先等等。
1036231277,米雪儿,我先把炸弹放这儿哦。
482891595,伊薇特,风场类。
11184537,香奈美,我需要你的帮助。
483414092,米雪儿,当心这里有问题。
2638113,香奈美,偶像因为被需要才变得如此闪耀，你愿意成为我的粉丝吗？
457834542,明,全都覆灭吧。
136009101,心夏,什么时候都可以哦。
951060263,奥黛丽,哼。
250031700,明,等一下。
585083285,米雪儿,正义是一种信念，我理想中的搜查官应该要有拯救世界的觉悟。可是，我究竟还要多久才能成为那样的人呢？
133147554,信,进攻这里。
520634225,奥黛丽,不过如此。
1008074721,玛德蕾娜,你们不要跑。
1007549468,信,脉冲领域。
664511641,香奈美系统语音,宫宴加时了，香奈美会陪你站到最后的。
688111652,香奈美,放置警报器。
679283882,玛德蕾娜,没事的，没事的，人总会有运气不好的时候，所以不要伤心好吗？
613574843,未知,
997064435,未知,莫非你是想监视我随你的便吧？
580742008,奥黛丽,开始安装炸弹。
693301311,米雪儿,说起来，你对猫猫的关注似乎比我更多，哎。最近猫猫也总是粘着你。啊，子哥突然不知道该羡慕谁啦。
125717963,伊薇特,看不见我。
394685626,米雪儿,一起努力吧，正义永不缺席。
981640329,米雪儿,啊，体力恢复。
941880372,玛德蕾娜,你看天空，我很喜欢天空，因为云朵之上的澄澈总能让我灵感奔涌。
342145705,梅瑞狄斯,炽热沙砾席卷八荒。
682661418,绯莎,你们无处可藏。
440683678,玛德蕾娜,我其实有想过要训练的啦，但忙到现在都还没有开始。
294794515,伊薇特,讨厌。
677837963,香奈美,在演出会场和战场之间来回切换，我已经习惯这样的双重身份了吗？可是，新的行动计划比想象中的还要复杂。
516168874,奥黛丽,一切的时机都刚刚好。从而让我们一起见证了珍贵之物的出现。在你获得了他之后，必将会创造更多关于他的故事吧。
283893188,香奈美,怎么啦？你也和我一样在回忆过去的事情吗？
322060777,星绘,请帮帮我。
98919869,米雪儿,不愧是信前辈。
438427316,明,你就安息吧。
173559996,星绘,达成所愿。
638348879,未知,嗯。
488367799,绯莎,等不了了。
1000993957,拉薇,破空。贯斗双龙。
677424934,香奈美,闪光弹。
546361127,米雪儿,话说你平时休息的时候会做些什么呢？我们之间应该有很多相似之处吧？
985649239,玛德蕾娜,我可要认真了。
1049603123,玛德蕾娜,这六房单一哦。
367328169,心夏,这里有炸弹。
199812201,梅瑞狄斯,减速雷。
1048061529,香奈美,开始安装炸弹。
130626777,奥黛丽,真不愧是拉威啊。
917546029,伊薇特,不愧是米雪儿。非说干得漂亮。
434104519,白墨,卡拉比丘。
286864850,绯莎,正在安装炸弹。
496711035,米雪儿,我也是能做到的。
124811936,星绘,我迄今为止的一切努力，其实并不被母亲所认可。或许在他看来，我应该走上与他相同的道路。你觉得？是我错了吗？
205210522,拉薇,
163394839,奥黛丽,盾牌已激活。
941339476,未知,那。
513459798,伊薇特,所会保护大家的。
14391693,米雪儿,去吧，闪光弹。
182811263,令,没有人可以逃脱我的枪口。
595313486,奥黛丽,你知道我名字背后的意义吗？格罗夫家族赋予了我往日的荣耀，也令我肩负起未来的责任。对大多数人来说，这或许是沉重的负担。但对我而言。它更像是机会。
280947083,明,我一人即是千军万马。
403784707,拉薇,我在这次的饭团里加了些虾肉和蟹子。来，给你吃一块。大伙平时的伙食的确素了些。偶尔也要犒劳一下大家。
638868862,奥黛丽,据说喜欢喝同一种茶的人，连偏好也会比较相似呢。
189659286,梅瑞狄斯,忤逆之人，当凌神罚。
51070282,香奈美,
397596963,拉薇,打得很是过瘾呢，我又突破更高的境界了。
109368949,拉薇,花瓣、果脯配合红茶本身的醇厚。真是一次完美的拼配啊。
218601034,奥黛丽,光焰万丈。
422629179,白墨,哎。
168991020,香奈美,肖奈美一定会重新赢回来的。
204450962,明,火力冲击。
918339117,玛德蕾娜,这里有炸弹呀。
684093501,拉薇,此战乃非战之过。我等暂且休葺一下。暂缓行动。如何？
49981617,白墨,这里发现炸弹。
173375710,令,杀戮是救赎。
301539805,伊薇特,会被骂的。
215454016,梅瑞狄斯,抱歉。
964261302,令,还不错。
101077877,米雪儿,我追的新番好像就要更新啦，我得快点吃完饭，等会儿就能去看啦。
176726091,系统语音,我方距离获胜还差半成。
1065271856,拉薇,承让略胜一筹。
641097078,未知,
696101506,信,别想反击。
908609070,玛德蕾娜,好，OK，我的刀功还是很不错的。
949318653,心夏,搞定。
616688318,令,
628828124,星绘,但出于安全考虑，我把您带回了我诊所的宿舍休息。
515954186,信,下一次，我不会再失败了。
58412107,拉薇,胜利的时代终将到来，不要被当下的失势所击垮。
405281535,心夏,谢谢你。
131000692,心夏,撤退吧。
953771521,心夏,尽量不要受伤啊。
668728908,白墨,警报器发现敌人。
345725475,星绘,谢谢大家。这样一来，我们距离和平又近了一步。
1073449150,星绘,一直以来。我都有一个梦想。我希望这世界上的所有人都有一个归处。无论富贵或贫穷，衰老或年少。无一例外。你会和我一起实现它的。对吧。
244839485,星绘,心夏，是你击倒了敌人吗？看来我也要多加努力啦。
304303138,米雪儿,为了感谢你平时对我的照顾，我给你准备了一个小惊喜，就作为我们的纪念礼物吧。
367883806,伊薇特,掉下来了。
552684230,玛德蕾娜,哇。
650046927,伊薇特,飞，我们能赢的对吧？
215360243,香奈美,倾倒在香奈美的歌声中吧。
900288679,信,就差一点。
673663465,伊薇特,要带上他们。
17654576,伊薇特,飞拖住他们。
211398212,香奈美,这里有护甲。
1020881276,拉薇,待花如待人。你所秉持的花道？又是什么样子的呢？
138821915,米雪儿,看我怎么消灭你们。
589663607,明,原来你认为我太过稚嫩了吗？你胆子真是不小啊。
370232378,米雪儿,欢迎回家，好像不太对，欢迎你的到来，可爱吧。
221818234,香奈美,嗯嗯。
965626942,星绘,即便是在这个被称之为理想乡的卡秋世界里。也存在着无数被贫苦压迫的人们。我有义务为她们做些什么？尽管微不足道。
319228384,奥黛丽,尝尝子弹的味道。
288797067,玛德蕾娜,好厉害呀。
247785005,未知,
411963039,米雪儿,喵喵，卫视全靠你啦。
440481077,梅瑞狄斯,时日无多，大限将至。
994087732,未知,呀。
263388846,香奈美,抱歉了。
152241620,奥黛丽,极致盛放。
348960033,米雪儿,早安，睡到自然醒的感觉真棒啊。
14814810,梅瑞狄斯,结果出现了偏差。我们需要反观战局。
149987773,米雪儿,我可是会反击的呢。
474441151,奥黛丽,我需要帮助。
410879745,系统语音,决胜局。
161867288,未知,
965365512,明,看你这副狼狈的样子，真是可怜又可悲呀。
908704984,星绘,任务开始。
1032255242,玛德蕾娜,你能回来太好了，为了乌尔比诺，一起加油吧。
176803038,拉薇,等你许久了。银行者。我正巧缺个对练的对手。
466679819,令,又出了一个。
417953952,拉薇,听说今晚有灯会？我也想去看看那漫天的灯火。而那位与我同行的人。可以是你吗？
426845080,星绘,我觉得可以呢。
459822759,米雪儿,嗯，你又来找我玩了吗？我正准备再看一集动画呢。嗯，不过先来陪你也是可以的啦。
420192733,未知,很好。
255258379,拉薇,我是拉威。即使世界蒙尘已久，我也会让他回归本真。
287010312,星绘,这是我最好的回击方式。
52594423,玛德蕾娜,这个。给你。试试情人节巧克力。是商家特别推荐给我的呀。
535592955,拉薇,利刃独行，追风逐影。
330835012,系统语音,完美的配合。
19273384,白墨,手雷。
354919697,奥黛丽,这里有危险。
410952148,绯莎,不过是猎物罢了。
269738298,白墨,抱歉。
277686638,拉薇,不好意思，奥黛丽，这次是我赢了。
366327955,星绘,抱歉。
241647119,信,解决了。
48128919,未知,啊。
467954102,玛德蕾娜,还没有分出胜负呢，加油呀。
547421569,香奈美系统语音,炸弹携带者被击倒了。
1068458909,拉薇,逃避无用。
691990723,白墨,好戏开场。
468402558,米雪儿,原来你这么了解我，其实我没有想到自己能收到这么独一无二的礼物，真是谢谢你啦。
632663649,香奈美,我是不会放弃的。
231451067,星绘,在空间的迷途中选择未来。
453295965,明,我一人即是千军万马。
675725215,令,我将为你们的死亡赋予价值。
565858120,信,这里有战术道具。
937233438,星绘,早上好。清晨时分，唯有蛋糕是最好的选择。
21187914,拉薇,笃信而行，可叹力有不逮。
276645088,明,该死的米雪儿，我跟你没完。
593783086,奥黛丽,你也会对投资感兴趣吗？好吧，让我来帮你分析金融趋势，倒也不是不可以了。
348424125,香奈美系统语音,团队重型护盾已激活，被保护的感觉真好呢。
535416111,伊薇特,又要战斗了吗？
377250772,令,杀戮的意义在于新生。
145064037,伊薇特,你做到了，菲。
64457609,奥黛丽,战场上的谈判不就是靠子弹吗？
267501499,拉薇,往后还需要更多的磨练。
506473956,奥黛丽,喂。看着我的眼睛。这样我才可以判断你没有说谎。
161427204,香奈美系统语音,只差战胜最后五个对手了，加油。
126149927,星绘,啊。你是有什么事情吗？如果需要我帮助的话，请不要客气啊。
62479391,梅瑞狄斯,阿努比斯正凝视着你。
293311850,其他,
689454108,米雪儿,嗯，我没有在偷懒哦，这是难得的休息时间啦。
300346393,白墨,三个也不是问题。
517207829,信,没有人可以肆意妄为。
325125978,星绘,这样的距离。我能很清楚的看清你的脸呢。如果不介意的话。能让这一刻。稍稍延续一段时间吗？
558504161,拉薇,我取得炸弹了。
663509771,拉薇,颠覆虚妄世界。
241013936,令,杀戮亦是救赎。
19766598,米雪儿,嗯。
1023215754,梅瑞狄斯,风场雷。
537088792,明,哼。
282298214,明,你很在意战斗前我说的话吗？那是因为我知道这是一个既无死亡也无新生的世界。
257875934,星绘,帮助稳定精神状态，让我们找回自己，从而尽力避免崩溃症的发生。
1009963327,令,不该犯这种错误。
515741774,米雪儿,啊，像这样躺着吃零食还真是舒服呀。
260088084,白墨,我哥。吸取教训的。
269437918,香奈美,请帮帮香奈美。
695884852,香奈美,快撤退。
979419913,米雪儿,卡丘，世界的秩序由我来维护。
638504537,拉薇,不。
1058145855,信,为了繁花似锦的未来。
213105055,绯莎,这里有子弹补给。
454344135,白墨,嗯。
356189897,玛德蕾娜,风场雷。
554013020,米雪儿,火力大喵全线进击。
376445649,信,解决两个。
185664222,香奈美系统语音,只剩20秒了。
429252961,明,这里交给我就好了。
592200338,拉薇,又见面了。我们总是这么不期而遇呢。
365117839,拉薇,生日快乐。希望你不会被这世界所束缚。按照自己的意志去生活，我能给予你的最好祝福。大概如此了。
917437546,伊薇特,看吧，风雪已至。
649351476,米雪儿,呃。
340880748,玛德蕾娜,以前的我总觉得只有和姐姐在一起，我才能做到这些事情，可有一天，我发现你好像也有着和姐姐一样的魔法。和你呆在一起的时候，我的脑海里便涌现出源源不断的灵感。这是为什么呢？这一定是因为你很特别吧？
1057414690,奥黛丽,这里有子弹。
56350344,玛德蕾娜,你是说我的丝带歪了吗？
11515054,拉薇,香奈美，可别光顾着唱歌。
620426221,奥黛丽,抱歉了。
166468347,拉薇,哎。
469927551,星绘,这个日记本里。加满了新B组的人们寄来的信件。每次看到这些信件，我都能回想起过去的那些事情，真的很令人怀念呢。
1048506903,白墨,我拿到炸弹了。
39042420,未知,嗯。
690917049,拉薇,这个虚伪的世界也该被颠覆了。
655061965,奥黛丽,这就是招惹我的下场。
47999403,令,更改行径方式。
904545248,拉薇,即便尽力而为，也未能达到目标吗？
508667870,香奈美,嗯，你是想和香奈美握手吗？嗯，那就来握手吧。
1024631726,拉薇,之前种的几株兰花。如今都开花了。也许冥冥之中。他们也见证了你我之间的相遇吧。
577864656,拉薇,为将者当一马当先。
195650946,伊薇特,运气真不错呢。对吧。
495777887,玛德蕾娜,卡拉比丘是一个神奇的世界，有那么多有趣的事情让我沉迷其中。我曾以为，绘画就是我的一切。可是有一天，我意识到，你才是那个最让我在意的人。接下来的日子里，我能一直注视着你吗？
183815557,星绘,我拿到了炸弹。
20032384,香奈美,或许我没有办法真正领会你的感受，但是我愿意尽我最大的努力让你重新露出笑容，毕竟对我而言，你是很重要的。
974502610,信,我会说到做到的。这是我唯一的价值。
539249046,梅瑞狄斯,终结于此吧。
216550712,令,五颗子弹无常死亡。
476966961,奥黛丽,你很难想象格罗夫家族也经历过内部纷争吧？但是我作为亲历者，很清楚他的每一次命运变迁。
231844500,星绘,我将炸弹放在这里了。
516576183,玛德蕾娜,击败你了。
964764644,星绘,谢谢你。一直以来，伴我前行。
199045748,未知,
251083634,白墨,发现炸弹。
1013361237,米雪儿,喵，我的衣服是不是也挺可爱的？
1061469883,拉薇,真相冲破桎梏。
398944808,香奈美,今天是明的生日，我该送他什么礼物呢？啊，不如你来帮我挑一挑吧。
670947949,系统语音,大获全胜。
345668680,奥黛丽,多谢你了。别这样看着我嘛，这种应该感谢你的时候，我也是能坦率说出来的了。
22559104,拉薇,我曾经以为，不断的战斗。在黑夜中沉寂。就是我的宿命。
634097046,信,
1063567118,香奈美,唱歌对我来说有非比寻常的意义。我需要用这种方式去铭记过去、现在和将来。
333807169,拉薇,注意危险地带。
321934426,心夏,锁定卡秋申定向重构。
244863900,伊薇特,找到战术道具。
1034058483,未知,
618862265,奥黛丽,你不是我的对手。
990892928,白墨,一时的失败而已，再来一次就好了。
905063770,绯莎,你就是我的新雇主吗？下达指令吧。我该做什么？
277643476,香奈美,唱首随风而起的歌吧。
512385672,未知,你。不该与我为敌。
545919160,明,雷霆核心充能完毕，是时候了。
1006843479,梅瑞狄斯,我已获取炸弹。
339302898,米雪儿,陪伴是浪漫的日常行为，礼尚往来是有爱的互动方式。所以，我给你准备了一个小惊喜，作为我们的纪念礼物吧。
918612460,玛德蕾娜,你是想给朋友送礼物吗？不如让我来帮你绘制一份吧。
465158543,拉薇,时间已经很晚了。请注意休息。
279919551,心夏,请求支援。
471849060,梅瑞狄斯,开始拆除炸弹。
488599243,系统语音,战斗倒计时20秒。
366862350,令,烟雾弹。
6124981,米雪儿,啊，怎么又被干掉了，我的操作完全没有问题啊，我还按照攻略使用了炸弹，结果被秒杀啦，太奇怪了吧。
1009037039,伊薇特,非说我们要开始研究了。
529781456,拉薇,你对插花的技法和布局也有所了解吗？
116339501,伊薇特,被打败了。
986624657,奥黛丽,我想这种程度的胜利恐怕还满足不了你吧？要不我们再赢一次？
109448067,香奈美,用子弹来开成。
289223065,香奈美,可以来安装炸弹了。
130361143,奥黛丽,我竟然会。
257893180,拉薇,春节快乐。我正在考虑该如何执笔为你写一段新春贺词呢。
278867879,系统语音,夺取更多晶体，阻止高能贤者取得胜利。
333946353,信,这份和平，我将守护到底。
277990671,伊薇特,烟雾弹。
100940617,奥黛丽,等着我的反击吧。
470643220,米雪儿,拉维，曾经身为欧泊成员的你，为什么会？
676703593,玛德蕾娜,哎，今天是是我朋友的生日呀，我们一同庆祝一下吧。
982653602,明,啊，这样的夜晚很适合训练啊。
501613979,香奈美,想感受音乐的魅力吗？我可以在这方面引导你啊。
1061979938,星绘,被击中了。
25480531,星绘,击破敌人。
693946114,玛德蕾娜,那。
391638728,米雪儿,为什么没人来帮我呀？
518002303,心夏,拦截器。
651433486,米雪儿,嘿嘿，果然我还是能做到的嘛。
269427407,绯莎,消灭敌人就可以了吗？
578980652,拉薇,多亏了你，奥黛丽。
6916837,香奈美,Ear。
356578168,白墨,哎哟，好在是得救了，多谢。
300356899,心夏,姐姐两个。
1003882298,玛德蕾娜,哎，我真的不太擅长打扫呀。如果不在姐姐回来之前整理完的话，姐姐会对我失望的。
1009472763,心夏,又得手了呀。
1020854376,未知,嗯。
109652211,明,注意，这里有弹药补给。
248399593,奥黛丽,你失败了。
566899307,系统语音,高纯度晶体出现。
962120614,伊薇特,找到炸弹。
283675025,米雪儿,飞起来了。
0031,系统语音,怎么回事？
583084408,未知,
266808329,拉薇,是时候出击了。
539221993,伊薇特,谢谢。
21071173,奥黛丽,这份恩情，我记住了。
151708014,令,失败。是革新的必要代价。
436710570,明,我明白你的想法。但是至少现在我没有这个闲工夫。
935302064,星绘,呀。
322003922,梅瑞狄斯,炸弹被安装在此处。
408801693,心夏,请求救援，谁能帮我一下？
240839305,心夏,这里有护甲。
945275839,星绘,不。
290228943,梅瑞狄斯,来吧，战场在等待你。
368063981,奥黛丽,风场雷。
468317719,系统语音,321战斗正式开始。
214603125,香奈美,使用拦截器。
471751339,星绘,只要所有人都齐心协力，敌人便不足为惧，加油。
46963244,拉薇,我也不是一直紧绷绷的。除了兵书，我也会看一些武侠小说。嗯。你笑什么？
557451039,伊薇特,这样就好。
607723895,未知,
221390100,伊薇特,再来多少次也一样。
392296829,玛德蕾娜,谢谢你。
63162291,明,哎，总觉得自己不是读书的料。啊，这也是没办法的，我最近才学的读写呀。
610666456,白墨,等等。
353539935,明,
410241112,梅瑞狄斯,在我面前，一切皆徒劳。
922104806,伊薇特,这里被设置了炸弹。
550655710,香奈美,这就是我的极限演绎。
208366150,香奈美,做的很棒啊。
640394957,奥黛丽,胜负还未见分晓呢。
983319734,拉薇,哼。是我胜了。
482937095,星绘,星空之门准备完毕。
491194694,心夏,状态不错啊。
596687902,香奈美,
264177207,绯莎,拦截者已布置。
320028429,伊薇特,哦。嗯。
428651850,奥黛丽,拿好啊，这是我送给你的礼物。如果我什么都不做的话，那肯定就算不上是感谢了。况且，我还是有那么一点想要夸奖你的。
150051566,奥黛丽,我会守住这里。
36546298,信,没有人可以肆意妄为。
194579736,令,减速雷。
900585910,米雪儿,我找到炸弹了。
245606702,奥黛丽,我可是有绝对胜算的。
696796838,令,这里需要支援。
1020131863,令,卡拉比丘。
684664454,明,贾克斯把炸弹安装好了，协助好他。
993841868,梅瑞狄斯,亡魂悲泣吧。
615925949,星绘,
361614799,奥黛丽,进攻这里。
987914284,玛德蕾娜,这里有战术道具啊。
990152901,香奈美,歌唱还不够吗？
207722287,星绘,您需要使用记忆芯片对我进行共鸣，并记录下我的一切行动。
461552988,奥黛丽,首先，我可不是那种会轻易感动的人啊。但这一次。我还算是挺开心的。所以。谢谢你了。
316040477,梅瑞狄斯,这就是我的归途吗？
396041461,奥黛丽,减速雷。
99453213,令,还有其他未处理的目标吗？
932768853,令,风险已排除。
492208622,玛德蕾娜,欧伯的作风很古板呢，真让人头大呀。
679364590,奥黛丽,别想逃出这片火海。
207742568,奥黛丽,请注意这里。
1059953977,拉薇,夜深了，引航者。我会为你守夜的。请安心休息。
919793507,奥黛丽,烟雾弹。
537410767,拉薇,早上好。我已经在处理今天的事务了。
509909663,星绘,就不能让仇恨终结于此吗？下次见面，希望我们能成为朋友。
627392352,玛德蕾娜,耶，我也是能做到的呢。
964220921,绯莎,继续。
581061984,奥黛丽,你想要跟我合作，我挑选商业伙伴可是很严格的。
945015686,梅瑞狄斯,我将引领所有人。
1046260809,米雪儿,就算剪刀手真有他们不得不反抗的理由，也不能用这么极端的手段吗？反正我是没办法理解的了。
185464300,香奈美,嗨，我每天都会像这样做发声训练的。
234984510,未知,啊。
679912469,伊薇特,我是不是太着急了？
202573659,明,终于到我啦。
922963682,拉薇,你是说老姐？嗯。这很正常，因为我作为武道家，必须经常磨练自己。
992854053,奥黛丽,既然你站在了我的对立面，就该料想到这样的结果。
139503994,未知,
271900074,绯莎,没有人能逃脱狩猎。
637331,白墨,再来呀。
415624517,拉薇,阅读的时候，也只有你能打断我了。
276083263,令,一叶障目。
916010872,奥黛丽,没能躲过。
58397922,玛德蕾娜,你是帮我把素描本放到六号架子的第三层上了吗？那真是多谢啦。作为回礼，我为你画一幅画怎么样？
239790456,梅瑞狄斯,保持飘飞状态。
0029,系统语音,不愧是阿威，做的不错。
583105337,奥黛丽,枪随心动，肆意狂袭。
309254633,心夏,开始治疗。
341674521,米雪儿,
1056610027,拉薇,御风而行吧。
298811583,令,遮蔽他们的目光。
919293679,拉薇,这是我亲手捏的饭团。如果你不介意的话。也可以一起尝一尝。
255723031,香奈美,可不要被我发现了。
517814646,拉薇,不要轻举妄动。
354490871,玛德蕾娜,姐姐。呃，你有看到我的姐姐吗？
680080723,星绘,太好了，你醒了，我也终于能放心了。
429196108,白墨,我可从不打没准备的仗。
278048160,奥黛丽,无人能与我为敌。
911154364,拉薇,此番闲情雅致。让人不禁沉醉其中。银行者。你怎么打瞌睡了？
197248698,信,闪光弹。
480990128,令,下一个。
628078660,香奈美,哼。
901283517,信,嗯。
471108564,心夏,起飞啦。
127271011,玛德蕾娜,来感觉了呀，我的G28。
323240992,星绘,成功限制了敌人的行动。
463334815,星绘,圣诞快乐，虽然我很喜欢吃蛋糕，但在冬天这种季节里，还是温泉馒头最为合适。热气腾腾的温泉馒头，你不想试一试吗？
646625594,拉薇,多谢你的关照，这份礼物我收下了。
37577171,玛德蕾娜,终于打倒敌人啦。
546661935,米雪儿,三连击杀了。
564603441,拉薇,今日真是五运亨通啊。
640880918,米雪儿,这个boss也太难了吧，我都打了好几遍了，还没有通关，希望这次可以。
347821214,伊薇特,嗯。
306505304,米雪儿,又到新的一年啦，我准备了好多糖果和猫爪小甜饼。等到放烟花的时候，我们一起来享用吧。
400740967,香奈美,晚上好。想来听我唱歌吗？能缓解一整天的疲惫啊。
1062769956,系统语音,我方还差十名，击败获胜。
289098431,令,另请求援助。
140438155,星绘,你是觉得这里有什么问题吗？我自己倒是没多大感觉呢。
268144523,明,啊，春节居然这么快就到这个日子了吗？哼，的确是有些怀念呢。但如今，我也只能远远看着那些灯火。期待即将到来的黎明。
611883256,拉薇,我时刻为战斗做好了准备。
252006689,梅瑞狄斯,烟雾弹。
160667925,伊薇特,小心附近有敌人。
267833206,星绘,还没自我介绍，我叫新慧，如您所见，是这间新币所的负责人。
482657588,拉薇,嗯。一室之内。唯留花语，你在我身旁。
902841789,香奈美,怎么？我组织上的任务你很好奇吗？那？哼，我可不建议你了解太多哦。
578183511,香奈美系统语音,啊，好险呀，香奈梅可一直在为你提心吊胆呢。
326519932,星绘,你想吃金瓶糖吗？我最喜欢这种糖果了，一颗又一颗串联起来，总是能让我联想起漫天星辰呢。
554585468,香奈美,这里有子弹。
1029255405,令,总有人要背负黑暗。我并不介意那个人是我。
9241883,梅瑞狄斯,静止时间。
677120104,玛德蕾娜,好厉害呀，今天状态真的很好哟，继续加油啊。
271177508,绯莎,嗯，明白了。
1036413954,信,减速雷。
671617906,拉薇,来吧，直面我的枪。
200946006,心夏,投掷闪光弹哦。
1036999154,香奈美,不好意思，我的情绪有点低落。因为我想起了父亲。那些幸存的人们被束缚在这样的世界里。父亲的牺牲真的有意义吗？
186359356,奥黛丽,你居然这么厉害的吗？我的意思是，我算是认可你的实力了，这难道不值得你开心吗？
647901830,信,以确认炸弹的位置。
238039858,白墨,冲刺。
94446907,奥黛丽,卡拉比丘纪念日。对我而言，这大概是一个意义非凡的日子吧，毕竟他给了我一个重新开始的机会，不是吗？
182037310,米雪儿,我觉得不行啊。
566419583,星绘,你是想要保护我吗？真是开心呐。
371897426,米雪儿,啊，等一下我再玩一局就一局，马上就能赢了。
28649457,星绘,嗯，相信你一定能顺利完成巡查的。
629434098,信,休想得逞。
14052588,香奈美系统语音,各位要守护好阵地啊。
532283236,拉薇,对我而言。失败也算是历练。
337560301,香奈美,啊，是你啊，我正在对接组织上的任务安排。
933098893,香奈美,哎。
956682765,香奈美系统语音,选择角色，守护最珍贵的事物吧。
636027733,玛德蕾娜,我捡到炸弹了。
567689318,绯莎,狩猎准备。正待此时。
243112608,明,是我搞砸了。
569485063,梅瑞狄斯,此处有炸弹。
313026445,系统语音,团队超前强化已激活。
268767131,星绘,大家注意这里。
540110827,心夏,随时可复原。卡秋身。
349265983,信,我已十许炸弹。
244432914,明,撤退。
103103221,玛德蕾娜,哟，你最近怎么样？我可是状态良好哦。
45577407,米雪儿,这一次，轮到我来保护大家啦。
662718880,绯莎,没能赶上。
668291760,香奈美,烟雾弹。
497892487,信,不要驻足不前，失败本身也是一种进步。
654217737,玛德蕾娜,我做到了耶。
160470950,玛德蕾娜,
361801054,星绘,我不太喜欢这样的手段。但是，为了胜利，我们别无他法。
464416235,奥黛丽,表现不错。
1056221016,心夏,不好意思啦。
935599634,香奈美,嗯嗯。
304837012,米雪儿,嗯。
328694580,玛德蕾娜,你大意了？
1072809740,香奈美,这么快，又是新的一年了吗？今年的演唱会我可要好好准备呢。
404727506,玛德蕾娜,还要再画些什么呢？
310652574,心夏,这里有子弹。
427365058,奥黛丽,这里有炸弹，注意。
239478358,拉薇,有炸弹被安装在这里。
1008244597,拉薇,那个使命还未达成。
369151684,香奈美,
380534354,拉薇,来日。方城。
557883897,奥黛丽,对了。有件事情忘了和你说。没有经过我的允许，你可不准打探我的过去啊，否则。我可不知道会发生什么。
589953082,白墨,这留子弹。
674261283,令,枪下亡魂。
480402469,伊薇特,我在这里防守。
669532504,拉薇,来得正好。我正在整理孩子们送来的花。你要来一起吗？
194458315,香奈美,呀。
669532671,香奈美,听好啊，战场就是我的舞台。
334214553,心夏,搞定。
685162448,拉薇,这是你胜利归来才会露出的表情吧？看来今天取得的战果不错呀。
667654784,梅瑞狄斯,非常感谢。
482064731,米雪儿,守护卡丘世界的和平。
290930278,明,一时的失败而已，我们会卷土重来的。
343751886,拉薇,每年明过生日。都免不了热闹一番。好在我已经习惯了。
671784660,米雪儿,哇，谢谢。
185378127,伊薇特,好像结束了。
1062520027,玛德蕾娜,战斗也放心交给我吧。
636050885,星绘,你是想夸奖我吗？谢谢。
535127468,明,胜利的滋味。
468228899,令,结束这场战斗吧。
289473134,米雪儿,今天我想给你安排一个浪漫的行程啊，如果只是去吃美味的甜品，逛一逛游乐园的话，我总感觉会缺了点什么。对了，不如我们晚上一起去看灯会吧。
516453775,香奈美,不是啊。
671050804,星绘,很轻盈呢。
69425889,令,我已经全力以赴了。但。还远远不够。
148206270,星绘,晚上好。哎，我。我才刚刚把两盒甜甜圈吃完，你就来了，那个真是不好意思，下次一定会给你留一份的。
1049329683,绯莎,命令完成，下一条指令是什么？
476414372,拉薇,在我看来，这场战斗无疑是依靠你才取得胜利的。
567398972,系统语音,我方仅存一人。
12082275,系统语音,我方即将获胜。
615207075,拉薇,梅瑞迪斯，你还不能倒下，因为这时代朱虚明灯照耀。
551408495,明,给我从上方进攻。
976131111,绯莎,烟雾弹。
381425093,星绘,我等你很久了。谢谢你的到来。
954167938,NEW,
696320436,NEW,
237677942,NEW,
976348343,NEW,
655702416,NEW,
432203802,NEW,
0583,NEW,
610128857,NEW,
1044109849,NEW,
897933735,NEW,
428204033,NEW,
426057303,NEW,
2862595,NEW,
727614070,NEW,
188334995,NEW,
720727355,NEW,
527086973,NEW,
679578453,NEW,
458133792,NEW,
0656,NEW,
874004906,NEW,
286582930,NEW,
711978625,NEW,
784305966,NEW,
850669075,NEW,
654835392,NEW,
634786693,NEW,
371811910,NEW,
428136984,NEW,
382001564,NEW,
247028536,NEW,
665147376,NEW,
970548731,NEW,
101854099,NEW,
979147701,NEW,
37907769,NEW,
442175287,NEW,
907648179,NEW,
416958822,NEW,
410878743,NEW,
0714,NEW,
55936890,NEW,
108316377,NEW,
613209371,NEW,
1023353832,NEW,
195351193,NEW,
452956542,NEW,
261618830,NEW,
706029528,NEW,
649721583,NEW,
631760627,NEW,
14170356,NEW,
0442,NEW,
0491,NEW,
116348283,NEW,
1008881015,NEW,
443623691,NEW,
960169105,NEW,
601579545,NEW,
297370475,NEW,
263533815,NEW,
632965939,NEW,
904649005,NEW,
773131757,NEW,
829953117,NEW,
881651617,NEW,
383292178,NEW,
360252939,NEW,
417573107,NEW,
173882756,NEW,
733483162,NEW,
400962965,NEW,
803825344,NEW,
865255370,NEW,
656660618,NEW,
967062,NEW,
79271172,NEW,
857821837,NEW,
216863808,NEW,
966424520,NEW,
714914028,NEW,
645259290,NEW,
882251191,NEW,
315391736,NEW,
788637091,NEW,
357974555,NEW,
126934630,NEW,
265391793,NEW,
141075148,NEW,
0411,NEW,
259373307,NEW,
157845591,NEW,
12745687,NEW,
146760751,NEW,
324943235,NEW,
782662862,NEW,
541885822,NEW,
0017,NEW,
261484433,NEW,
39123236,NEW,
90561440,NEW,
999508563,NEW,
768283517,NEW,
589031775,NEW,
312976725,NEW,
2478322,NEW,
107434811,NEW,
15778649,NEW,
523773808,NEW,
0760,NEW,
592104712,NEW,
703918793,NEW,
601529450,NEW,
362688054,NEW,
600935205,NEW,
557793520,NEW,
945185138,NEW,
584014609,NEW,
937548970,NEW,
290011563,NEW,
264862217,NEW,
196832916,NEW,
376685067,NEW,
0527,NEW,
20690057,NEW,
180613857,NEW,
117843996,NEW,
586196183,NEW,
168855028,NEW,
0655,NEW,
111717438,NEW,
685332746,NEW,
266194042,NEW,
0734,NEW,
537711542,NEW,
137602128,NEW,
0679,NEW,
982492949,NEW,
9282582,NEW,
499748498,NEW,
67474406,NEW,
1005328593,NEW,
86716642,NEW,
940989925,NEW,
946726550,NEW,
865676253,NEW,
24301455,NEW,
504018100,NEW,
48240336,NEW,
101614517,NEW,
663673944,NEW,
255250412,NEW,
304416724,NEW,
1066684687,NEW,
128494076,NEW,
781359668,NEW,
1065603812,NEW,
730038777,NEW,
890881039,NEW,
275480375,NEW,
331176977,NEW,
692023883,NEW,
0532,NEW,
581182031,NEW,
479762832,NEW,
440560572,NEW,
0034,NEW,
53228785,NEW,
93087658,NEW,
998040375,NEW,
828350274,NEW,
425559375,NEW,
0463,NEW,
1067057297,NEW,
304866343,NEW,
852128245,NEW,
729738783,NEW,
921503179,NEW,
1073313176,NEW,
0012,NEW,
292938481,NEW,
631945097,NEW,
837169172,NEW,
876387306,NEW,
912803742,NEW,
538667979,NEW,
124855400,NEW,
877948312,NEW,
618609033,NEW,
225942524,NEW,
735346937,NEW,
612599639,NEW,
0700,NEW,
181178361,NEW,
813116588,NEW,
0369,NEW,
219293707,NEW,
816824227,NEW,
1003150087,NEW,
407345649,NEW,
1064932056,NEW,
938930066,NEW,
681572660,NEW,
84286926,NEW,
378085440,NEW,
389589784,NEW,
1039884551,NEW,
373126036,NEW,
457919553,NEW,
789216764,NEW,
14787190,NEW,
300755251,NEW,
0701,NEW,
732361584,NEW,
155898956,NEW,
810383992,NEW,
745546893,NEW,
906282479,NEW,
192290576,NEW,
925272908,NEW,
208584360,NEW,
0658,NEW,
657649728,NEW,
64298576,NEW,
125011099,NEW,
229964493,NEW,
0632,NEW,
840709483,NEW,
821911847,NEW,
0727,NEW,
795784573,NEW,
627101705,NEW,
518955226,NEW,
483832079,NEW,
868073528,NEW,
448938840,NEW,
560860660,NEW,
859850908,NEW,
272495325,NEW,
621904800,NEW,
844850751,NEW,
450784575,NEW,
206480666,NEW,
380164275,NEW,
1062830545,NEW,
778168922,NEW,
750786253,NEW,
819775087,NEW,
911546220,NEW,
0660,NEW,
353469124,NEW,
847404745,NEW,
992243426,NEW,
142360680,NEW,
478490530,NEW,
609928745,NEW,
74776249,NEW,
345877177,NEW,
276475066,NEW,
456612814,NEW,
171041847,NEW,
724386211,NEW,
160608043,NEW,
578883841,NEW,
586178546,NEW,
437581087,NEW,
563733678,NEW,
897965006,NEW,
1020763348,NEW,
424626781,NEW,
37719217,NEW,
566794865,NEW,
460609908,NEW,
711425188,NEW,
1026345625,NEW,
413333687,NEW,
1038569053,NEW,
843710740,NEW,
768554643,NEW,
216808167,NEW,
230187171,NEW,
497034015,NEW,
631010727,NEW,
862251338,NEW,
798544981,NEW,
250788349,NEW,
0476,NEW,
652442332,NEW,
361896331,NEW,
100708856,NEW,
1010996735,NEW,
442901517,NEW,
720890715,NEW,
894472179,NEW,
0711,NEW,
550977479,NEW,
195072365,NEW,
412886738,NEW,
1013195496,NEW,
819217688,NEW,
32552745,NEW,
483276515,NEW,
209352159,NEW,
196054341,NEW,
408918626,NEW,
0522,NEW,
791353678,NEW,
1049893197,NEW,
948095596,NEW,
568943014,NEW,
867045156,NEW,
169607762,NEW,
723920141,NEW,
177723504,NEW,
304190797,NEW,
462066253,NEW,
995174137,NEW,
942500168,NEW,
1036698025,NEW,
506230744,NEW,
335918782,NEW,
147719677,NEW,
1063346632,NEW,
810075048,NEW,
1001400447,NEW,
146949923,NEW,
830491696,NEW,
196310384,NEW,
693808278,NEW,
0557,NEW,
300006165,NEW,
0663,NEW,
75512013,NEW,
6644374,NEW,
0645,NEW,
535500422,NEW,
35423737,NEW,
616172247,NEW,
28614575,NEW,
469305758,NEW,
347584041,NEW,
111651767,NEW,
550453698,NEW,
364858202,NEW,
528241262,NEW,
851946522,NEW,
556582994,NEW,
0577,NEW,
0713,NEW,
0616,NEW,
423459744,NEW,
46716917,NEW,
0380,NEW,
48273076,NEW,
676269332,NEW,
609610321,NEW,
733841491,NEW,
546395856,NEW,
713864604,NEW,
297802332,NEW,
121721312,NEW,
382350897,NEW,
957035533,NEW,
405846443,NEW,
655084504,NEW,
670149425,NEW,
853183343,NEW,
561197943,NEW,
0396,NEW,
595611874,NEW,
1067383812,NEW,
867452309,NEW,
842263467,NEW,
811669819,NEW,
201308041,NEW,
717882656,NEW,
34123437,NEW,
160284228,NEW,
617726521,NEW,
0447,NEW,
839932471,NEW,
0741,NEW,
386228797,NEW,
671111720,NEW,
50914100,NEW,
606146728,NEW,
85721043,NEW,
753613946,NEW,
431099747,NEW,
0001,NEW,
621631247,NEW,
0506,NEW,
0162,NEW,
580064879,NEW,
508536852,NEW,
1072383132,NEW,
663379507,NEW,
930244619,NEW,
0610,NEW,
530411194,NEW,
452416783,NEW,
924188881,NEW,
371682507,NEW,
779280812,NEW,
0485,NEW,
197724908,NEW,
541230210,NEW,
1046050506,NEW,
985772231,NEW,
940007473,NEW,
0635,NEW,
179367780,NEW,
336381763,NEW,
1046199587,NEW,
0710,NEW,
873055815,NEW,
217545040,NEW,
934191472,NEW,
262603497,NEW,
0441,NEW,
573733970,NEW,
53917508,NEW,
305115737,NEW,
985313570,NEW,
135769913,NEW,
986045756,NEW,
330807852,NEW,
251438994,NEW,
995630266,NEW,
484408272,NEW,
856979555,NEW,
433059664,NEW,
96365771,NEW,
451267863,NEW,
712058691,NEW,
162462152,NEW,
103115054,NEW,
489210744,NEW,
419109648,NEW,
383813766,NEW,
275776193,NEW,
243422523,NEW,
619626517,NEW,
672342933,NEW,
632403868,NEW,
881877832,NEW,
815029021,NEW,
530455684,NEW,
132692337,NEW,
973307737,NEW,
270682119,NEW,
553068536,NEW,
701014481,NEW,
512474164,NEW,
542919951,NEW,
112082506,NEW,
0399,NEW,
0597,NEW,
0628,NEW,
387965765,NEW,
464559062,NEW,
217974202,NEW,
954025062,NEW,
250157221,NEW,
323383181,NEW,
0139,NEW,
220234895,NEW,
1025985200,NEW,
798499078,NEW,
257175918,NEW,
85907581,NEW,
155110247,NEW,
238329632,NEW,
0007,NEW,
714048402,NEW,
564265760,NEW,
43803613,NEW,
1057244907,NEW,
532144640,NEW,
1073411397,NEW,
984037366,NEW,
200048855,NEW,
149398846,NEW,
146755693,NEW,
732726478,NEW,
784033373,NEW,
0730,NEW,
50577877,NEW,
189931456,NEW,
0444,NEW,
0639,NEW,
903562247,NEW,
0425,NEW,
779318590,NEW,
0707,NEW,
206914057,NEW,
131203288,NEW,
1016984230,NEW,
791896735,NEW,
786218188,NEW,
798660703,NEW,
317240364,NEW,
0582,NEW,
733906333,NEW,
747378134,NEW,
825585868,NEW,
1063166367,NEW,
799791446,NEW,
422925847,NEW,
640656317,NEW,
380453321,NEW,
436283626,NEW,
195517023,NEW,
1002950793,NEW,
385913017,NEW,
170559677,NEW,
564002705,NEW,
1013002593,NEW,
790015368,NEW,
13343002,NEW,
642987069,NEW,
331083754,NEW,
976032805,NEW,
932857321,NEW,
575872534,NEW,
13660591,NEW,
208009507,NEW,
0625,NEW,
803061828,NEW,
1023780704,NEW,
998160325,NEW,
1035072341,NEW,
649393156,NEW,
0510,NEW,
135385441,NEW,
89170861,NEW,
1046989549,NEW,
707880141,NEW,
1056556707,NEW,
190984822,NEW,
339630509,NEW,
904227419,NEW,
613096628,NEW,
905649861,NEW,
395464540,NEW,
834828667,NEW,
981974365,NEW,
178064453,NEW,
502358193,NEW,
865817545,NEW,
0631,NEW,
141141937,NEW,
568395677,NEW,
641340748,NEW,
1580684,NEW,
1006797096,NEW,
807452413,NEW,
0596,NEW,
186370099,NEW,
55977567,NEW,
952935921,NEW,
953387257,NEW,
314246935,NEW,
596402788,NEW,
293189934,NEW,
504966672,NEW,
864807735,NEW,
962083928,NEW,
202084608,NEW,
726453024,NEW,
0020,NEW,
128521588,NEW,
427984586,NEW,
953884793,NEW,
415962170,NEW,
695883769,NEW,
0544,NEW,
309106307,NEW,
938646649,NEW,
395921713,NEW,
267901507,NEW,
454946685,NEW,
99401777,NEW,
897155242,NEW,
435668956,NEW,
1020260685,NEW,
969726371,NEW,
329913007,NEW,
603607910,NEW,
233583191,NEW,
442996990,NEW,
560748182,NEW,
0668,NEW,
106336604,NEW,
572478820,NEW,
978794270,NEW,
932216754,NEW,
753217845,NEW,
392437821,NEW,
292140117,NEW,
181377491,NEW,
265366840,NEW,
946179042,NEW,
557624735,NEW,
545319045,NEW,
0390,NEW,
382798329,NEW,
406400603,NEW,
703973935,NEW,
375172302,NEW,
444136858,NEW,
931624988,NEW,
616702595,NEW,
127600236,NEW,
189571235,NEW,
695230825,NEW,
541417485,NEW,
530403501,NEW,
575575006,NEW,
763460658,NEW,
1046700105,NEW,
186280632,NEW,
27043728,NEW,
149588996,NEW,
70483406,NEW,
175738706,NEW,
860859786,NEW,
521574998,NEW,
243425303,NEW,
220361919,NEW,
0471,NEW,
92264603,NEW,
213757871,NEW,
0422,NEW,
187126178,NEW,
818428998,NEW,
0612,NEW,
240463991,NEW,
470477,NEW,
714840384,NEW,
91220326,NEW,
255857748,NEW,
686542112,NEW,
0743,NEW,
273019184,NEW,
419385678,NEW,
298437352,NEW,
840879563,NEW,
582523746,NEW,
490531028,NEW,
252625858,NEW,
598397546,NEW,
670042104,NEW,
404321615,NEW,
847619474,NEW,
0573,NEW,
825086574,NEW,
601060826,NEW,
348360906,NEW,
311562427,NEW,
679548754,NEW,
864736887,NEW,
184894349,NEW,
150382628,NEW,
842473115,NEW,
673605508,NEW,
1021900220,NEW,
1073220412,NEW,
831152328,NEW,
226989333,NEW,
352456118,NEW,
553890166,NEW,
930212395,NEW,
320942764,NEW,
903965036,NEW,
810669082,NEW,
673693192,NEW,
0722,NEW,
535229040,NEW,
691793241,NEW,
420797987,NEW,
586122810,NEW,
784116129,NEW,
84703108,NEW,
167376658,NEW,
378366461,NEW,
623254851,NEW,
885371846,NEW,
118987299,NEW,
896262510,NEW,
561272523,NEW,
325187288,NEW,
655141829,NEW,
861246297,NEW,
408108956,NEW,
604566235,NEW,
697380525,NEW,
712613159,NEW,
593583554,NEW,
132181268,NEW,
561412082,NEW,
657901207,NEW,
795607047,NEW,
151185825,NEW,
91998134,NEW,
977105093,NEW,
853405776,NEW,
1005385953,NEW,
47096881,NEW,
534610267,NEW,
957543707,NEW,
276837915,NEW,
786030624,NEW,
608903573,NEW,
271974228,NEW,
830814073,NEW,
574549549,NEW,
675744582,NEW,
294846163,NEW,
158574701,NEW,
644048114,NEW,
202366613,NEW,
0412,NEW,
403961142,NEW,
0417,NEW,
938633948,NEW,
0731,NEW,
893664025,NEW,
0650,NEW,
893126827,NEW,
493264203,NEW,
110398024,NEW,
790185126,NEW,
114853760,NEW,
0543,NEW,
0746,NEW,
133021133,NEW,
93924186,NEW,
863033320,NEW,
677104278,NEW,
704689157,NEW,
96206399,NEW,
202290220,NEW,
215602719,NEW,
912060675,NEW,
686163720,NEW,
0377,NEW,
540425294,NEW,
776212299,NEW,
90538531,NEW,
180261973,NEW,
612489428,NEW,
673064485,NEW,
976081100,NEW,
699616188,NEW,
0013,NEW,
707234502,NEW,
68106823,NEW,
247044552,NEW,
0661,NEW,
607308602,NEW,
110767329,NEW,
0015,NEW,
551350688,NEW,
0494,NEW,
49972386,NEW,
552460657,NEW,
386485415,NEW,
829344546,NEW,
1040685291,NEW,
206715591,NEW,
712351474,NEW,
89581942,NEW,
950862743,NEW,
637411028,NEW,
297228215,NEW,
59126302,NEW,
703466892,NEW,
421145668,NEW,
868804086,NEW,
483523984,NEW,
0512,NEW,
898748535,NEW,
350688894,NEW,
219661446,NEW,
987166739,NEW,
232911634,NEW,
1034903486,NEW,
644010303,NEW,
834362173,NEW,
920939411,NEW,
941415783,NEW,
279741898,NEW,
348977493,NEW,
944058184,NEW,
432291769,NEW,
1020667430,NEW,
770393557,NEW,
103622031,NEW,
600195581,NEW,
925052565,NEW,
723785418,NEW,
661493845,NEW,
0699,NEW,
113254651,NEW,
443825959,NEW,
437587841,NEW,
805024508,NEW,
324809002,NEW,
652688484,NEW,
328392588,NEW,
859953190,NEW,
957386753,NEW,
614708745,NEW,
630700201,NEW,
96951968,NEW,
65521358,NEW,
701893029,NEW,
213748367,NEW,
165046779,NEW,
428443152,NEW,
832062298,NEW,
223356650,NEW,
583974909,NEW,
189665842,NEW,
576465382,NEW,
142706643,NEW,
0581,NEW,
813781856,NEW,
748459514,NEW,
283669518,NEW,
31805089,NEW,
289485671,NEW,
161760333,NEW,
727267509,NEW,
508417544,NEW,
2112734,NEW,
875522505,NEW,
0517,NEW,
767105659,NEW,
831001813,NEW,
403654071,NEW,
183750184,NEW,
748039296,NEW,
1067195038,NEW,
633091308,NEW,
4902184,NEW,
477713768,NEW,
266498536,NEW,
1008803913,NEW,
231720761,NEW,
995649290,NEW,
80280657,NEW,
398547553,NEW,
745844855,NEW,
677172666,NEW,
390277438,NEW,
611513720,NEW,
406751678,NEW,
883370163,NEW,
0456,NEW,
7784425,NEW,
1043072913,NEW,
392505271,NEW,
616818540,NEW,
23789198,NEW,
552421398,NEW,
320820877,NEW,
0601,NEW,
447478686,NEW,
830721963,NEW,
198962353,NEW,
374196524,NEW,
1023609322,NEW,
446701602,NEW,
849367996,NEW,
0605,NEW,
0745,NEW,
0499,NEW,
485280755,NEW,
872543318,NEW,
32887418,NEW,
969616249,NEW,
670297947,NEW,
0744,NEW,
390799538,NEW,
737511647,NEW,
307686974,NEW,
375334428,NEW,
142662072,NEW,
951961272,NEW,
801059773,NEW,
357352960,NEW,
635601145,NEW,
890680193,NEW,
0529,NEW,
0003,NEW,
43749753,NEW,
411933290,NEW,
645647588,NEW,
293002504,NEW,
535833718,NEW,
702987474,NEW,
0006,NEW,
260280849,NEW,
895514968,NEW,
621151471,NEW,
244613096,NEW,
26140716,NEW,
238992490,NEW,
332124500,NEW,
86030089,NEW,
1032405438,NEW,
334794916,NEW,
0016,NEW,
858748144,NEW,
